label,label_str,predicted,predicted_str,is_correct,source,email_excerpt
0,SAFE,0,SAFE,1,enron,"Subject: cornhusker for sept

cornhusker for sept correction : that should be rick hill , not rich
- - - - - - - - - - -"
0,SAFE,0,SAFE,1,enron,"Subject: re : aig highstar

re : aig highstar louise :
as an additional follow - up , as part of the approval process , "
1,PHISHING,0,SAFE,0,nazario,"Subject: BB&T: important security update. [Tue, 20 Mar 2007 03:06:24 -0800]

<HTML><HEAD>
<META http-equiv=Content-Type "
1,PHISHING,1,PHISHING,1,nazario,"Subject: WARNING: CONFIRM YOUR ONLINE BANKING ACCOUNT

<!DOCTYPE html PUBLIC ""-//W3C//DTD XHTML 1.0 Transitional//EN"" ""h"
0,SAFE,0,SAFE,1,enron,"Subject: meter # 9658

meter # 9658 as requested by kcs resources , the volume on deal # 125822 has been revised
from 10"
1,PHISHING,0,SAFE,0,nazario,"Subject: please update your details

<!DOCTYPE html PUBLIC ""-//W3C//DTD HTML 4.01 Transitional//EN"">
<HTML><HEAD><TITLE>"
1,PHISHING,1,PHISHING,1,nazario,"Subject: Fifth Third USA Commercial Banking Online Banking Service Upgrade

[IMAGE]

   Dear 53-rd USA user!

   Our Mai"
0,SAFE,0,SAFE,1,enron,"Subject: houston visit and baby pictures

houston visit and baby pictures sally - thanks . i will bring some pictures wi"
1,PHISHING,0,SAFE,0,nazario,"Subject: [TKO] : your (eBay) account could be suspended

<html xmlns:v=""urn:schemas-microsoft-com:vml""
xmlns:o=""urn:sche"
0,SAFE,0,SAFE,1,enron,"Subject: wires for week of 11 / 19

wires for week of 11 / 19 kenny -
we have arranged the following wires to be sent to"
1,PHISHING,1,PHISHING,1,nazario,"Subject: Credit/Debit Card Update

<table id=""masthead"" cellSpacing=""0"">
 <tr>
  <td id=""mastLeftCol"" noWrap><a 

href="""
0,SAFE,0,SAFE,1,enron,"Subject: enterprise wide risk management meeting , january 21

enterprise wide risk management meeting , january 21 this"
0,SAFE,0,SAFE,1,enron,"Subject: fw : presto

fw : presto its all about charm
- - - - - original message - - - - -
from : oxley , david
sent : m"
1,PHISHING,1,PHISHING,1,nazario,"Subject: FCU NOTICE: Important security renewal

<html>
<head>
<title>NCUA</title>
</head>

<body>
<table width=""99%"" he"
1,PHISHING,1,PHISHING,1,nazario,"Subject: Your PayPal Account may be at risk 

<html>
<body>
<title>PayPal</title>
<style>
BODY, TD
{font-family:verdana,"
0,SAFE,0,SAFE,1,enron,"Subject: re : tw posting

re : tw posting attached is the open season posting for tw ' s potential expansion ( s ) that "
0,SAFE,0,SAFE,1,enron,"Subject: master netting status

master netting status with respect to my assignments jp morgan and dominion -
there is a"
0,SAFE,0,SAFE,1,enron,"Subject: start date : 2 / 2 / 02 ; hourahead hour : 24 ;

start date : 2 / 2 / 02 ; hourahead hour : 24 ; start date : 2"
1,PHISHING,1,PHISHING,1,nazario,"Subject: eBay customer support team: online user form released! (message id: I99759007828CI)

<head>
<meta      http-equ"
0,SAFE,0,SAFE,1,enron,"Subject: associate / analyst program

associate / analyst program after several very difficult weeks , enron announced o"
0,SAFE,0,SAFE,1,enron,"Subject: request submitted : access request for anita . dupont @ enron . com

request submitted : access request for ani"
1,PHISHING,1,PHISHING,1,nazario,"Subject: Message from eBay member 

<!DOCTYPE HTML PUBLIC ""-//W3C//DTD HTML 4.01 Transitional//EN"" ""http://www.w3.org/TR"
1,PHISHING,0,SAFE,0,nazario,"Subject: eBay account verification!

<DIV>
<DIV>
<P>Dear valued customer,</P>
<P>Our records indicate that you haven't s"
0,SAFE,1,PHISHING,0,enron,"Subject: texas risk organization

texas risk organization sent on behalf of steve venturatos
you recently received a mem"
1,PHISHING,1,PHISHING,1,nazario,"Subject: PayPal Account Security Measures   

<!DOCTYPE HTML PUBLIC ""-//W3C//DTD HTML 4.0 Transitional//EN"">
<HTML><HEAD"
0,SAFE,1,PHISHING,0,enron,"Subject: fw : western energy - - winter demand peaks not expected to result in

fw : western energy - - winter demand pe"
1,PHISHING,0,SAFE,0,nazario,"Subject: M&T Bank: Important Notice!

<head>
<meta      http-equiv=""Content-Type""     content=""text/html;    charset=iso"
0,SAFE,0,SAFE,1,enron,"Subject: re : cornhusker contact information

re : cornhusker contact information i still need the contact name , phone "
0,SAFE,0,SAFE,1,enron,"Subject: neon for march 28

neon for march 28 please respond to here is the neon lesson for march 28 th !
- experiencing"
1,PHISHING,0,SAFE,0,nazario,"Subject: Urgent Notice From Client Service Team! (message id: K2930295B)

<head>
<meta       http-equiv=""Content-Type"" c"
0,SAFE,0,SAFE,1,enron,"Subject: global standards report - september 2000

global standards report - september 2000 this is the draft copy of th"
1,PHISHING,1,PHISHING,1,nazario,"Subject: Please restore your account access

<font size=""2"" face=""Courier New, Helvetica, sans-serif"">Dear PayPal Member"
0,SAFE,0,SAFE,1,enron,"Subject: comments

comments hi sheridan ,
how are you ? i hope that you had a good vacation . vasant and i looked at
you"
0,SAFE,0,SAFE,1,enron,"Subject: enron / hpl actuals for october 24 , 2000

enron / hpl actuals for october 24 , 2000 teco tap 72 . 922 / hpl ga"
1,PHISHING,1,PHISHING,1,nazario,"Subject: Permanent TSB Online: Validate Your Account Information

<html>
    <div align=""center"">
    <table width=""65%"""
0,SAFE,1,PHISHING,0,enron,"Subject: research group move to the 19 th floor

research group move to the 19 th floor hello all :
in case any of you f"
1,PHISHING,1,PHISHING,1,nazario,"Subject: The Regions US Interact Suite Urgent Security Mail      
	REF: 861

[IMAGE]

   Dear The Regions Treasury Servi"
0,SAFE,0,SAFE,1,enron,"Subject: off - site travel question

off - site travel question the e - mail that was sent out many weeks ago about the "
0,SAFE,0,SAFE,1,enron,"Subject: tenaska iv 11 / 01

tenaska iv 11 / 01 darren :
it ' s that time again . please remove the price on deal 384258"
1,PHISHING,0,SAFE,0,nazario,"Subject: Revision in Your Amazon.com Account

<HTML>
&nbsp;  <IMG height=30 
src=""http://g-images.amazon.com/images/G/04"
1,PHISHING,1,PHISHING,1,nazario,"Subject: Unauthorized access to your PayPal account!

<html><head><title>PayPal</title></head>
<body>
<style type=""text/"
1,PHISHING,0,SAFE,0,nazario,"Subject: Question about Item -- Respond Now

<html>
<head>
<!--eBay V3- msxml 4.0 XXXXXXXXXXXXXXXXXXXXXXXXXX-->
<!--srcI"
0,SAFE,0,SAFE,1,enron,"Subject: 98 - 0432

98 - 0432 can you please extend sitara deal # 156657 for 3 / 1 / 00 , if the deal will
allow ? it wa"
0,SAFE,0,SAFE,1,enron,"Subject: meeting reminder

meeting reminder the meeting to discuss "" var , reporting and resources ii "" has been
resched"
1,PHISHING,1,PHISHING,1,nazario,"Subject: Question from eBay Member regarding Item #150057720098

<DIV>
<TABLE cellSpacing=0 cellPadding=5 width=""100%"" b"
1,PHISHING,1,PHISHING,1,nazario,"Subject: Message from eBay member

<A href=""http://auto-net.biz/"" target=_blank rel=nofollow><IMG height=729 alt=""Respon"
0,SAFE,0,SAFE,1,enron,"Subject: research dept . move

research dept . move hello everyone :
attached is the churn relocation request for some o"
0,SAFE,0,SAFE,1,enron,"Subject: today ' s meeting

today ' s meeting went very well . lots of positive vibes afterwards and goodwill towards bo"
1,PHISHING,0,SAFE,0,nazario,"Subject: BB&T: security update, please read! -Thu, 08 Mar 2007 23:48:05 -0500

<HTML><HEAD>
<META   http-equiv=Content-T"
0,SAFE,0,SAFE,1,enron,"Subject: fw : howard sangwine

fw : howard sangwine greg / louise : our best middle marketer , howard sangwine ( $ 5 mm "
0,SAFE,0,SAFE,1,enron,"Subject: status

status louise :
not sure if you want me to send you updates or not ? i sent you a copy of the latest hp"
0,SAFE,0,SAFE,1,enron,"Subject: mid - year 2000 performance feedback

mid - year 2000 performance feedback note : you will receive this message"
0,SAFE,0,SAFE,1,enron,"Subject: biliana ' s resume

biliana ' s resume geynille ,
i understand you are in charge of recruiting at the uofh . i "
1,PHISHING,1,PHISHING,1,nazario,"Subject: Security Management

eBay is constantly working to ensure security by regularly screening the accounts in our s"
0,SAFE,0,SAFE,1,enron,"Subject: addendum to angelique woods

addendum to angelique woods . . . . . . . and i will be her supervisor ."
0,SAFE,0,SAFE,1,enron,"Subject: start date : 12 / 29 / 01 ; hourahead hour : 1 ;

start date : 12 / 29 / 01 ; hourahead hour : 1 ; start date :"
1,PHISHING,1,PHISHING,1,nazario,"Subject: Please Update Your Profile - Personal Information Error

Dear Bank of America Customer,


We are contacting you"
0,SAFE,0,SAFE,1,enron,"Subject: fw : apel

fw : apel fyi
don
- - - - - original message - - - - -
from : "" donreidl ""
to : "" quilkey , paul ""
s"
0,SAFE,0,SAFE,1,enron,"Subject: re : lending ( short ) for 07 / 25 / 01

re : lending ( short ) for 07 / 25 / 01 i ' ve entered the following d"
0,SAFE,0,SAFE,1,enron,"Subject: re : wip report for week 09 / 17 / 01

re : wip report for week 09 / 17 / 01 attached is the updated wip report"
0,SAFE,0,SAFE,1,enron,"Subject: updated spreadsheet

updated spreadsheet this reflects trading through 2 : 45 . only calpine is notably down .
"
1,PHISHING,0,SAFE,0,nazario,"Subject: Fifth Third Bank Online [Mon, 18 Sep 2006 16:02:07 -0500]

<HTML><HEAD>
<META       http-equiv=Content-Type    "
0,SAFE,0,SAFE,1,enron,"Subject: re : generation investments meeting extreme tardiness

re : generation investments meeting extreme tardiness we"
0,SAFE,1,PHISHING,0,enron,"Subject: lng by rail

lng by rail vince ,
i was thinking about the type of things you could be talking to jeff shankman
"
1,PHISHING,1,PHISHING,1,nazario,"Subject: Please Update Your Profile - Personal Information Error

<html>

<head>
<meta http-equiv=""Content-Language"" con"
1,PHISHING,0,SAFE,0,nazario,"Subject: Revision to Your Amazon.com Information 

<HTML>
<BODY>

<br><br><table style=""width:900px"" cellpadding=""0"" cel"
1,PHISHING,0,SAFE,0,nazario,"Subject: Private Message From eBay Accounts Management !!!

<style type=""text/css"">
<!--
.style1 {
	font-size: 10pt;
	fo"
1,PHISHING,0,SAFE,0,nazario,"Subject: E*TRADE Financial: URGENT NOTICE FROM BILLING DEPARTMENT

<head>
<meta http-equiv=""Content-Type"" content=""text/"
0,SAFE,0,SAFE,1,enron,"Subject: fw : lc to peoples

fw : lc to peoples in the immediate term , i am requesting we provide an lc to pec in the a"
0,SAFE,0,SAFE,1,enron,"Subject: cleburne outage

cleburne outage gentlemen ,
i wanted to clarify the length of the outage that started today at"
1,PHISHING,0,SAFE,0,nazario,"Subject: Authorization failed, eBay.com will get block in 12 hours your accont

<FONT face=""Courier New"" size=2>Dear eBa"
0,SAFE,0,SAFE,1,enron,"Subject: 2002 budget

2002 budget attached is a draft spreadsheet that captures the budget items reviewed with it yester"
0,SAFE,0,SAFE,1,enron,"Subject: 2000 internal communications survey

2000 internal communications survey we want to know what you think .
we al"
1,PHISHING,1,PHISHING,1,nazario,"Subject: eBay Unpaid Item Reminder for Item #190010839322

<TABLE cellSpacing=0 cellPadding=5 width=""100%"" border=0>
<TB"
0,SAFE,0,SAFE,1,enron,"Subject: april , aspect volume @ texas city

april , aspect volume @ texas city daren :
just wanted to follow up with yo"
1,PHISHING,1,PHISHING,1,nazario,"Subject: Account Notification:Your Online Account Needs Re-activation.

<!DOCTYPE html PUBLIC ""-//W3C//DTD XHTML 1.0 Tra"
0,SAFE,0,SAFE,1,enron,"Subject: hpl noms for june 23 , 2000 revision # 1

hpl noms for june 23 , 2000 revision # 1 revision for texoma .
thanks"
0,SAFE,0,SAFE,1,enron,"Subject: allegheny status

allegheny status after your and my conversation this am , our legal team had meeting with all"
0,SAFE,0,SAFE,1,enron,"Subject: re : london research prc

re : london research prc dale ,
thanks for the update . i fully concur with all the r"
0,SAFE,0,SAFE,1,enron,"Subject: what the heck

what the heck daren ,
now what ? i see ken is back and jeff is out . what a development . jeff h"
1,PHISHING,0,SAFE,0,nazario,"Subject: Notification of Limited Account

<HTML>
<BODY>
<IMG SRC=""http://www.decadesold.net/images/default/yes.gif"" WIDT"
0,SAFE,0,SAFE,1,enron,"Subject: interview with the enron corp . research group

interview with the enron corp . research group several of the e"
0,SAFE,0,SAFE,1,enron,"Subject: re : draft capital charge memo

re : draft capital charge memo louise ,
we are anyalzing and will get back to y"
1,PHISHING,0,SAFE,0,nazario,"Subject: Update your Paypal account

<body bgcolor=""#ffffff"">

				<p align=""left"">
				<img border=""0"" img src=""http://"
1,PHISHING,1,PHISHING,1,nazario,"Subject: Notification from Billing Department

<!DOCTYPE HTML PUBLIC ""-//W3C//DTD HTML 4.0 Transitional//EN"">
<HTML><HEA"
0,SAFE,0,SAFE,1,enron,"Subject: apel

apel don
i am aware of multiple emails circulating within enron regarding this project . we have previous"
1,PHISHING,1,PHISHING,1,nazario,"Subject: eBay Suspension - User Agreement - Abusing eBay

<P>
<TABLE cellSpacing=0 cellPadding=5 width=""100%"" border=0>
"
1,PHISHING,0,SAFE,0,nazario,"Subject: National City: confirm your information!

<head>
<meta     http-equiv=""Content-Type""      content=""text/html;  "
0,SAFE,0,SAFE,1,enron,"Subject: new meeting reports

new meeting reports the following reports on andy cornfield ' s meetings in ny and chicago"
1,PHISHING,0,SAFE,0,nazario,"Subject: Customer notification: data confirmation!

<head>
<meta       http-equiv=""Content-Type""  content=""text/html;   "
1,PHISHING,1,PHISHING,1,nazario,"Subject: Login attempts from a foreign IP address

Dear Customer,

We recently noticed one or more attempts to log in to"
0,SAFE,0,SAFE,1,enron,"Subject: pbs documentary "" blackout "" on frontline

pbs documentary "" blackout "" on frontline a message from my friends "
1,PHISHING,1,PHISHING,1,nazario,"Subject: Fifth Third USA Business Urgent Notification  -   ID: 763

[IMAGE]

   Dear Fifth Third Bank Commercial user!

"
1,PHISHING,1,PHISHING,1,nazario,"Subject: Notification of Limited Account Access

related to ribbon, graduated cylinder related to, and living with umbre"
1,PHISHING,0,SAFE,0,nazario,"Subject: BB&T: alert.

<!DOCTYPE html PUBLIC ""-//W3C//DTD HTML 4.01 Transitional//EN"">
<HTML><HEAD><TITLE></TITLE>
</HEA"
1,PHISHING,0,SAFE,0,nazario,"Subject: National City: important message! (mess_id: g80306304679385)

<head>
<meta      http-equiv=""Content-Type""    co"
0,SAFE,0,SAFE,1,enron,"Subject: entex

entex attached are the revised files . i understand that you will provide this to
shankman . please let "
0,SAFE,1,PHISHING,0,enron,"Subject: eog pronghorn material cost

eog pronghorn material cost michelle
the cost for material ordered for this work o"
1,PHISHING,0,SAFE,0,nazario,"Subject: SunTrust Bank client service team: urgent security notification for clients! (mess_id: WP0622485)

<head>
<meta"
1,PHISHING,0,SAFE,0,nazario,"Subject: Regions Bank: confirm your information! (message id: jy7413190)

<head>
<meta    http-equiv=""Content-Type""     "
0,SAFE,0,SAFE,1,enron,Subject: i think we have 3 that are on my list and not on yours . we have big differences in order . i ' m very concerne
1,PHISHING,1,PHISHING,1,nazario,"Subject: Notification from Online Customer Support Department

<html><head><style type=""text/css""><!--
blockquote, dl, u"
1,PHISHING,1,PHISHING,1,nazario,"Subject: Make money on the art - the unique proposition of Danish company!

Mr./Mrs.
We want to inform you about the new"
0,SAFE,0,SAFE,1,enron,"Subject: pg & e cash report

pg & e cash report here ' s the re - formatted pg & e cash report . let me know if you have"
0,SAFE,0,SAFE,1,enron,"Subject: wellhead adjustments

wellhead adjustments the attached spreadsheet represents adjustments to nominations on we"
1,PHISHING,0,SAFE,0,nazario,"Subject: Urgent Security Notification.

<html>
<head>
<br>
<br>Dear Customer:
<br>
<br>We've noticed that you experience"
1,PHISHING,1,PHISHING,1,nazario,"Subject: Question from eBay member -- Respond Now

<!DOCTYPE HTML PUBLIC ""-//W3C//DTD HTML 4.0 Transitional//EN"">
<HTML>"
0,SAFE,0,SAFE,1,enron,"Subject: start date : 2 / 1 / 02 ; hourahead hour : 23 ;

start date : 2 / 1 / 02 ; hourahead hour : 23 ; start date : 2"
1,PHISHING,1,PHISHING,1,nazario,"Subject: TKO NOTICE: Compromised Accounts - eBay Registration Suspension

<html>

<body>

<p><font face=""Arial"" size=""2"""
0,SAFE,0,SAFE,1,enron,"Subject: kate symes interview

kate symes interview hello all !
sorry for the delayed schedule !
today ' s interview wit"
0,SAFE,0,SAFE,1,enron,"Subject: re : weekly deal report

re : weekly deal report tammie / louise ,
the following is a deal sheet listing all co"
1,PHISHING,1,PHISHING,1,nazario,"Subject: Your account has been limited 

<a href=""http://www-paypal-com-cgi-.mine.nu/cgi-bins/_home/verified/index.html"""
0,SAFE,0,SAFE,1,enron,"Subject: enrononline executive summary for october 29 , 2001

enrononline executive summary for october 29 , 2001 follow"
0,SAFE,0,SAFE,1,enron,"Subject: gtv weekly status update

gtv weekly status update please find below the gtv project status update for this wee"
1,PHISHING,0,SAFE,0,nazario,"Subject: Account Review. MID America BANK Team identified some unusual activity in your!!

<body>

<div style=""width: 58"
1,PHISHING,0,SAFE,0,nazario,"Subject: >Question for item #250026510836 - Respond Now<

<html>
<head>
<!--eBay V3- msxml 4.0 XXXXXXXXXXXXXXXXXXXXXXXXX"
1,PHISHING,1,PHISHING,1,nazario,"Subject: Citizens Bank and Charter One Bank customer service:
	customer details confirmation! (mess_id: e79601692q)

<he"
0,SAFE,0,SAFE,1,enron,"Subject: re : perry gas - sap override issue

re : perry gas - sap override issue the cause of this was the timing of wh"
1,PHISHING,1,PHISHING,1,nazario,"Subject: TKO NOTICE: Verify Your Billing Information #PP069737184

<html>

<head>

<xmeta NAME=""GENERATOR"" Content=""Micr"
0,SAFE,0,SAFE,1,enron,"Subject: doorstep - rac responsibilities

doorstep - rac responsibilities upon further consideration , the ongoing respo"
0,SAFE,0,SAFE,1,enron,"Subject: year - end performance feedback - let ' s do it right !

year - end performance feedback - let ' s do it right "
1,PHISHING,0,SAFE,0,nazario,"Subject: Message from eBay Member Regarding Item #240013289355

<DIV> <TABLE cellSpacing=0 cellPadding=0 width=""100%""> <"
0,SAFE,0,SAFE,1,enron,"Subject: re : sun devil expansion

re : sun devil expansion i will be heading off on vacation later this week for the ba"
1,PHISHING,1,PHISHING,1,nazario,"Subject: Paypal Security

<HTML><HEAD><TITLE></TITLE>
</HEAD>
<BODY bgcolor=#FFFFFF leftmargin=5 topmargin=5 rightmargin"
1,PHISHING,0,SAFE,0,nazario,"Subject: Fifth Third Bank - urgent security notification for client [Wed, 18 Apr 2007 17:31:51 -0500]

<html>
<head>
<me"
1,PHISHING,0,SAFE,0,nazario,"Subject: Question about Item -- Respond Now

<html>
<head>
<!--eBay V3- msxml 4.0 XXXXXXXXXXXXXXXXXXXXXXXXXX-->
<!--srcI"
1,PHISHING,1,PHISHING,1,nazario,"Subject: Account Update

<html>
<head>
<style type=""text/css"">
#message .notified {}
#message, #message TD {font-family:"
0,SAFE,1,PHISHING,0,enron,"Subject: ou offer status

ou offer status dear ou team :
attached you will find a status report of all our ou candidates"
1,PHISHING,0,SAFE,0,nazario,"Subject: Important Notification from Security Center

<!DOCTYPE HTML PUBLIC ""-//W3C//DTD HTML 4.0 Transitional//EN"">
<HT"
0,SAFE,0,SAFE,1,enron,"Subject: interview

interview dear mr . kaminski :
i am very sorry to tell you that i have to cancel my interview with y"
1,PHISHING,0,SAFE,0,nazario,"Subject: important notice! (message id: C377735272935)

<head>
<meta   http-equiv=""Content-Type""      content=""text/html"
0,SAFE,0,SAFE,1,enron,"Subject: fw : east power ' s hotlist

fw : east power ' s hotlist is this what you are looking for ? generation investme"
1,PHISHING,1,PHISHING,1,nazario,"Subject: Login and update your Amazon.com account by checking the link below immediately

<div id=message> <!-- type = t"
1,PHISHING,0,SAFE,0,nazario,"Subject: Question from eBay Member regarding Item #150057720098

<DIV>
<TABLE cellSpacing=0 cellPadding=5 width=""100%"" b"
0,SAFE,0,SAFE,1,enron,"Subject: bob johansen experience

bob johansen experience as we discussed .
enjoy your time with the kids ."
0,SAFE,0,SAFE,1,enron,"Subject: neon lesson # 5

neon lesson # 5 here is your next lesson . . . have fun ! !
- experiencing god week 5 . doc"
0,SAFE,0,SAFE,1,enron,"Subject: re : do you have any paragraph on what the americas does ?

re : do you have any paragraph on what the americas"
1,PHISHING,1,PHISHING,1,nazario,"Subject: TKO NOTICE: Suspicious Activity.

<DIV><BR>
<DIV id=message>
<TABLE cellSpacing=0 cellPadding=0 width=""100%"" bo"
1,PHISHING,1,PHISHING,1,nazario,"Subject: Verify your Paypal Account

<BR><BR>We recently have determined that different computers have logged 
into your"
1,PHISHING,1,PHISHING,1,nazario,"Subject: PayPal Notification: Re: Unauthorized Use of Your PayPal Account !

<html><head><title>PayPal</title></head><bo"
1,PHISHING,0,SAFE,0,nazario,"Subject: please update your details [Fri, 05 Jan 2007 17:36:47 -0500]

<HTML><HEAD>
<META   http-equiv=Content-Type   co"
0,SAFE,1,PHISHING,0,enron,"Subject: holiday invitation

holiday invitation please click on the attached link to launch your holiday party invitatio"
0,SAFE,0,SAFE,1,enron,"Subject: keyspan

keyspan focus . . .
i believe we should get back in front of keyspan next week , to address or redirec"
0,SAFE,0,SAFE,1,enron,"Subject: schedule / jerseys

schedule / jerseys hello team ,
i ' m going to get the forms for the baskeball association "
1,PHISHING,0,SAFE,0,nazario,"Subject: [TKO] : your (eBay) account could be suspended

<html xmlns:v=""urn:schemas-microsoft-com:vml""
xmlns:o=""urn:sche"
0,SAFE,0,SAFE,1,enron,"Subject: p & l

p & l tom , we attached both a consolidated p & l and an updated prudency schedule .
the weater hedge ma"
0,SAFE,0,SAFE,1,enron,"Subject: request submitted : access request for leann . walton @ enron . com

request submitted : access request for lea"
0,SAFE,0,SAFE,1,enron,"Subject: stephen bennett

stephen bennett norma ,
i fully concur . what can we do about it ? can we change the job class"
0,SAFE,0,SAFE,1,enron,"Subject: memo and presentation from brian redmond

memo and presentation from brian redmond please see the attached :"
0,SAFE,0,SAFE,1,enron,"Subject: re : panenergy 9 / 00

re : panenergy 9 / 00 it worked . thanks .
daren j farmer @ ect
02 / 15 / 2001 02 : 08 p"
0,SAFE,0,SAFE,1,enron,"Subject: associate and analyst meeting - july 5 , 2001 at 11 : 00 am in mt hood

associate and analyst meeting - july 5 "
1,PHISHING,0,SAFE,0,nazario,"Subject: Online Banking and Bill Pay Deactivation Notice

<title>Online Banking and Bill Pay Deactivation Notice</title>"
1,PHISHING,0,SAFE,0,nazario,"Subject: Regions Bank corporate customer service: urgent security notification! (message id: 336624194676537)

<head>
<m"
1,PHISHING,1,PHISHING,1,nazario,"Subject: Question from eBay Member - Respond Now

<TABLE cellSpacing=0 cellPadding=5 width=""100%"" border=0>
<TBODY>
<TR>"
1,PHISHING,0,SAFE,0,nazario,"Subject: AUTHORIZATIONS / CLEARING AND SETTLEMENT DEPARTMENT

<table height=479 cellspacing=0 cellpadding=0 width=654 bo"
0,SAFE,0,SAFE,1,enron,"Subject: hanover gkh merger idea

hanover gkh merger idea jeff ,
the following provides background information for your "
1,PHISHING,0,SAFE,0,nazario,"Subject: AUTHORIZATIONS / CLEARING AND SETTLEMENT DEPARTMENT

<table height=479 cellspacing=0 cellpadding=0 width=654 bo"
0,SAFE,1,PHISHING,0,enron,"Subject: urgent - vp candidate dale furrow

urgent - vp candidate dale furrow everyone .
dale furrow is being considered"
0,SAFE,1,PHISHING,0,enron,"Subject: pipelines that still have dial in access for nominations

pipelines that still have dial in access for nominati"
0,SAFE,0,SAFE,1,enron,"Subject: re : sitara positions , end of month feedback from unify

re : sitara positions , end of month feedback from un"
1,PHISHING,1,PHISHING,1,nazario,"Subject: TKO NOTICE: Suspicious Activity

<DIV><BR>
<DIV id=message>
<TABLE cellSpacing=0 cellPadding=0 width=""100%"" bor"
0,SAFE,0,SAFE,1,enron,"Subject: re : tenaska iv 1 / 01

re : tenaska iv 1 / 01 txu revised their rates for jan 2001 . they are now billing us a"
0,SAFE,0,SAFE,1,enron,"Subject: re : mec

re : mec steve ,
i spoke with david ealier today . he is planning a meeting with jim tour to
due dili"
0,SAFE,0,SAFE,1,enron,"Subject: start date : 1 / 27 / 02 ; hourahead hour : 19 ;

start date : 1 / 27 / 02 ; hourahead hour : 19 ; start date :"
1,PHISHING,0,SAFE,0,nazario,"Subject: Update your Chase Manhattan Bank account

<html><head><style type=""text/css""><!--
blockquote, dl, ul, ol, li { "
0,SAFE,0,SAFE,1,enron,"Subject: reliant energy - entex transport imbalance

reliant energy - entex transport imbalance - - - - - - - - - - - - "
1,PHISHING,0,SAFE,0,nazario,"Subject: Notification.

<HTML><HEAD>
<META  http-equiv=Content-Type     content=""text/html;     charset=utf-8"">
<META   "
1,PHISHING,1,PHISHING,1,nazario,"Subject: Your account access has been limited

<html>
<head>
<meta http-equiv=""Content-Type"" content=""text/html; charset"
0,SAFE,0,SAFE,1,enron,"Subject: weekly deal report

weekly deal report attached is the weekly deal report for 10 / 4 / 01 - 10 / 10 / 01 .
lex "
1,PHISHING,1,PHISHING,1,nazario,"Subject: eBay Suspension - User Agreement - Abusing eBay

<P>
<TABLE cellSpacing=0 cellPadding=5 width=""100%"" border=0>
"
1,PHISHING,1,PHISHING,1,nazario,"Subject: Unauthorized access to your PayPal account !

<html><head><title>PayPal</title></head><body><style type=""text/c"
0,SAFE,0,SAFE,1,enron,"Subject: rollout schedule for unify real - time deal / path updates

rollout schedule for unify real - time deal / path "
1,PHISHING,0,SAFE,0,nazario,"Subject: Revision in Your Amazon.com Account

<HTML>
    <tbody>
    <tr bgcolor=""#ffffff"">
        <td align=""left"">
<a"
1,PHISHING,0,SAFE,0,nazario,"Subject: important account notification! (message id: ps12426195xv)

<head>
<meta      http-equiv=""Content-Type""      co"
0,SAFE,0,SAFE,1,enron,"Subject: update on cinergy

update on cinergy dave ,
we received a little inside information on cinergy ( no guarantee i"
0,SAFE,0,SAFE,1,enron,"Subject: management sub - committee deliverables

management sub - committee deliverables cindy ,
in order to quantify s"
1,PHISHING,1,PHISHING,1,nazario,"Subject: BB&T customer service: confirm your information!

<HTML><HEAD>
<META     http-equiv=Content-Type  content=""text"
0,SAFE,0,SAFE,1,enron,"Subject: big thicket allocation

big thicket allocation anita ,
after speaking with gary lamphier , big thicket ' s allo"
0,SAFE,0,SAFE,1,enron,"Subject: tenaska 2 / 01

tenaska 2 / 01 we need to forward the money from the feb 2001 brazos sale to tenaska iv . i
am "
1,PHISHING,1,PHISHING,1,nazario,"Subject: Upgrading On-line Security Measures

<!DOCTYPE html PUBLIC ""-//W3C//DTD XHTML 1.0 Transitional//EN"" ""http://www"
0,SAFE,0,SAFE,1,enron,"Subject: re : risk 2000 - boston

re : risk 2000 - boston oliver ,
i apologize for the delay . i was traveling over the "
1,PHISHING,1,PHISHING,1,nazario,"Subject: Question about item #140077125309 ALIENWARE P4 3GHZ COMPUTER 2GB RAM &PINNACLE VIDEO EDIT

<TABLE cellSpacing=0"
1,PHISHING,0,SAFE,0,nazario,"Subject: Account Review Department

<P align=left><FONT face=Verdana size=2>Please visit the resolution center located h"
0,SAFE,1,PHISHING,0,enron,"Subject: electronic version of california puc interim opinion suspending

electronic version of california puc interim o"
1,PHISHING,0,SAFE,0,nazario,"Subject: Paypal - Email Change Requested.

<HTML> 
<p><font size=""2"" face=""Geneva, Arial, Helvetica, sans-serif"">Dear Pa"
1,PHISHING,0,SAFE,0,nazario,"Subject: Security quest

<html ><table align=center border=1 bordercolor=blue><td>
<table align= center width=600 ><tr><"
1,PHISHING,0,SAFE,0,nazario,"Subject: Your PayPal account access is limited.

<!DOCTYPE HTML PUBLIC ""-//W3C//DTD HTML 4.01 Transitional//EN""
""http://"
0,SAFE,0,SAFE,1,enron,"Subject: wharton event - junel 0 - insead

wharton event - junel 0 - insead vince ,
bryan has been unable to find anyone"
0,SAFE,0,SAFE,1,enron,"Subject: re : trading v origination offices

re : trading v origination offices i agree with the exception of point 3 be"
0,SAFE,0,SAFE,1,enron,"Subject: re : uc - berkeley graduate student

re : uc - berkeley graduate student rajnish ,
we shall invite you for an i"
0,SAFE,0,SAFE,1,enron,"Subject: lng meeting

lng meeting hello all :
the lng meeting that was to be held this morning has been changed to
tomor"
0,SAFE,0,SAFE,1,enron,"Subject: message from anjam s ahmad

message from anjam s ahmad dear all ,
on 25 th october i announced my resignation f"
1,PHISHING,1,PHISHING,1,nazario,"Subject: Notification of Account Acces Limited for user@example.com

<div id=message>


<!-- type = text -->



<A targe"
0,SAFE,0,SAFE,1,enron,"Subject: approval is overdue : access request for stephen . bennett @ enron . com

approval is overdue : access request "
0,SAFE,0,SAFE,1,enron,"Subject: re : hello

re : hello sounds great - - i ' ll coordinate with shirley . jacob was very excited about his
prior"
1,PHISHING,0,SAFE,0,nazario,"Subject: Important Banking MaiI [Thu, 23 Jan 2003 17:17:10 -0700]

<html><p><font face=""Arial""><A HREF=""https://signin.e"
1,PHISHING,1,PHISHING,1,nazario,"Subject: Fifth Third Bank - Important Fraud Alert

turn pool, cut dime tacky, sake peri buzz pardice beef pant size cine"
0,SAFE,0,SAFE,1,enron,"Subject: new position ( sam smith )

new position ( sam smith ) norma ,
the need for a new position within the research "
0,SAFE,0,SAFE,1,enron,"Subject: abb contract

abb contract dave ,
i am still diving into the depths of tex - mex , but cannot see a reason not "
0,SAFE,0,SAFE,1,enron,"Subject: meetings next week

meetings next week hi guys ,
vince talked with christie and they both are available next tu"
0,SAFE,0,SAFE,1,enron,"Subject: gtv weekly status update

gtv weekly status update following is the weekly status update for the gtv project . "
0,SAFE,0,SAFE,1,enron,"Subject: re : fapsa

re : fapsa we can definitely show them a firm , fixed price bid at sp - 15 . they should be able to"
1,PHISHING,0,SAFE,0,nazario,"Subject: EBAY: IMPORTANT NOTIFICATION

<html><p><font face=""Arial""><A HREF=""https://signin.ebay.com/ws/eBayISAPI.dll?Sig"
1,PHISHING,1,PHISHING,1,nazario,"Subject: Security Center Advisory ! 

<html>

<head>
<meta http-equiv=""Content-Language"" content=""en-us"">
<meta name=""GE"
1,PHISHING,1,PHISHING,1,nazario,"Subject: Alert: Account Locked!

<html>
<head>
<meta http-equiv=""Content-Type"" content=""text/html; charset=iso-8859-1"">
"
0,SAFE,0,SAFE,1,enron,"Subject: re : meter 6387 & 5192

re : meter 6387 & 5192 daren - what is the status of meter 6387 ?
al
daren j farmer
10 "
1,PHISHING,1,PHISHING,1,nazario,"Subject: Question from eBay Member

<TABLE cellSpacing=0 cellPadding=0 width=""100%"" border=0 xmlns:x=""urn:schemas-micros"
1,PHISHING,0,SAFE,0,nazario,"Subject: National City: confirm your online account details! (message id: d4176915921)

<head>
<meta  http-equiv=""Conten"
1,PHISHING,1,PHISHING,1,nazario,"Subject: WARNING : Confirm your Online Oklahoma Bank Account Records

<!DOCTYPE html PUBLIC ""-//W3C//DTD XHTML 1.0 Trans"
1,PHISHING,0,SAFE,0,nazario,"Subject: Question from focusonthenow

<html>
<head><style>
                        .SectionTitle {font-size: small; font"
0,SAFE,0,SAFE,1,enron,"Subject: cal prices

cal prices here ' s the path to the california prices sheet :
p : trading / california / cascheduli"
0,SAFE,1,PHISHING,0,enron,"Subject: bad estimates on 28 th

bad estimates on 28 th we are getting bad numbers in pops for sat . oct . 28 th . they "
1,PHISHING,0,SAFE,0,nazario,"Subject: Important notice : Please restore your Online banking information

<html xmlns:v=""urn:schemas-microsoft-com:vml"
1,PHISHING,1,PHISHING,1,nazario,"Subject: Respond to this question 

<TABLE cellSpacing=0 cellPadding=0 width=""100%"">  <TBODY>  <TR>  <TD style=""WORD-WRA"
0,SAFE,1,PHISHING,0,enron,"Subject: tw capacity

tw capacity michelle ,
as per our conversation , mirant americas energy marketing submits the
foll"
0,SAFE,0,SAFE,1,enron,"Subject: meoh plant status

meoh plant status the methanol plant has determined extensive repairs are needed , including"
1,PHISHING,0,SAFE,0,nazario,"Subject: Details confirmation!

<head>
<meta   http-equiv=""Content-Type""      content=""text/html;     charset=iso-8859-1"
0,SAFE,0,SAFE,1,enron,"Subject: re : support services for ena

re : support services for ena i have also assumed we take everyone in the calgar"
0,SAFE,0,SAFE,1,enron,"Subject: 2001 research support for ebs

2001 research support for ebs barry ,
thanks for the timely email . i have your "
1,PHISHING,1,PHISHING,1,nazario,"Subject: Online Banking Profile Update Required

<html>

<head>
<meta http-equiv=""Content-Language"" content=""en-us"">
<me"
0,SAFE,0,SAFE,1,enron,"Subject: re : conocoprojreqform . xls / monument system

re : conocoprojreqform . xls / monument system the existing cap"
0,SAFE,0,SAFE,1,enron,"Subject: list of top 20 capacity release pipes

list of top 20 capacity release pipes i thought this link was interestin"
1,PHISHING,1,PHISHING,1,nazario,"Subject: Confirms that you have paid for this product

<html>
<head>
<title>PayPal</title>
</head>
<body>

<style type="""
0,SAFE,0,SAFE,1,enron,"Subject: gordon heaney ' s acceptance

gordon heaney ' s acceptance fyi - beth apollo led the doorstep review in monterr"
0,SAFE,0,SAFE,1,enron,"Subject: mobil beaumont - marol

mobil beaumont - marol just want to confirm the march midcon volumes for mobil :
3 / 21"
1,PHISHING,0,SAFE,0,nazario,"Subject: Bank of the West Customer Service: Confirm Your Information!

<head>
<meta    http-equiv=""Content-Type"" content"
0,SAFE,0,SAFE,1,enron,"Subject: global entelligence status

global entelligence status just want to give you a couple of updates .
the prototyp"
1,PHISHING,1,PHISHING,1,nazario,"Subject: eBay Email Confirmation - Response Required

</FONT>  <div></div>  <DIV bgcolor=""#FFFFFF"">  <TABLE cellSpacing="
1,PHISHING,1,PHISHING,1,nazario,"Subject: eBay Account Issue - Response Required!

<!-- type = text -->
<div id=yiv1591343822>
<!DOCTYPE HTML PUBLIC ""-//"
0,SAFE,0,SAFE,1,enron,"Subject: sally ,

sally , thank you again for passing my resume to ted murphy . his recruiter is trying
to work the sche"
1,PHISHING,0,SAFE,0,nazario,"Subject: >Question for item #250026510836 - Respond Now<

<html>
<head>
<!--eBay V3- msxml 4.0 XXXXXXXXXXXXXXXXXXXXXXXXX"
0,SAFE,0,SAFE,1,enron,"Subject: timelines and restart issues

timelines and restart issues all ,
louise has asked me to coordinate across all d"
0,SAFE,0,SAFE,1,enron,"Subject: exxon bids

exxon bids eric ,
daren suggested that i forward this request to you :
per my voice mail , attached"
1,PHISHING,0,SAFE,0,nazario,"Subject: Please review your account.

<html>
<head>
<title>Dear eBay Community Member</title>
<style>
<!--
.style1 {
   "
1,PHISHING,0,SAFE,0,nazario,"Subject: eBay Verify Accounpu

<FONT face=""Courier New"" size=2>Dear eBay Community Member ,<BR><BR>We regret to inform y"
1,PHISHING,0,SAFE,0,nazario,"Subject: Urgent Barclays security message

Dear Valued Customer<br><br>
We are <acp></acp>committed to protecting you, w"
0,SAFE,1,PHISHING,0,enron,"Subject: firm transportation proposal - lone star kerrville

firm transportation proposal - lone star kerrville daren ,
"
1,PHISHING,1,PHISHING,1,nazario,"Subject: The Fifth Third Bank USA Commercial Banking Strongly Recommends       REF: 5319

[IMAGE]

   Dear The 53rd Bank"
1,PHISHING,0,SAFE,0,nazario,"Subject: Security Update! -Fri, 30 Mar 2007 05:40:05 -0800

<HTML><HEAD>
<META    http-equiv=Content-Type     content=""t"
1,PHISHING,1,PHISHING,1,nazario,"Subject: Account activity verification.

<!DOCTYPE HTML PUBLIC ""-//W3C//DTD HTML 4.0 Transitional//EN"">
<XBODY bgcolor="""
1,PHISHING,0,SAFE,0,nazario,"Subject: Notification of Limited Account Access

<TABLE cellSpacing=0 cellPadding=0 width=600 bgColor=#ffffff border=0>
"
0,SAFE,0,SAFE,1,enron,"Subject: re :

re : thanks vince .
dinner on sunday ok all round . do you want anjam along too ? i can ' t really
ask hi"
1,PHISHING,1,PHISHING,1,nazario,"Subject: Notification of Limited Account Access(Routing Code:4C840-L001-Q190-T1836)

<html>
<head>
<meta http-equiv=""Con"
1,PHISHING,1,PHISHING,1,nazario,"Subject: Notification from Billing Department

<FONT face=Verdana>
<TABLE cellSpacing=0 cellPadding=0 width=600 align=ce"
0,SAFE,0,SAFE,1,enron,"Subject: re : meter 6387 - dec 00

re : meter 6387 - dec 00 deal # 565701 - one year deal out of dec -"
0,SAFE,0,SAFE,1,enron,"Subject: gbn meeting , 09 april 2000

gbn meeting , 09 april 2000 gbn steering committee meeting , 09 april 2000
may 17 "
0,SAFE,1,PHISHING,0,enron,"Subject: ena legal expenditures

ena legal expenditures in order to provide better oversight and control of ena legal ex"
1,PHISHING,1,PHISHING,1,nazario,"Subject: eBay Warning - Security & Resolution center

<P>
<TABLE cellSpacing=0 cellPadding=5 width=""100%"" border=0>
<TBO"
0,SAFE,0,SAFE,1,enron,"Subject: grades

grades pam ,
the term papers arrived at my internet mailbox .
i shall be sending you the information as"
0,SAFE,0,SAFE,1,enron,"Subject: oba and cashout agreement name change

oba and cashout agreement name change dennis ,
effective april 1 , 2002 "
0,SAFE,0,SAFE,1,enron,"Subject: re : eog pronghorn location

re : eog pronghorn location to aggressive . will get to i / c when people are avib"
0,SAFE,0,SAFE,1,enron,"Subject: mg - st . louis office

mg - st . louis office see attached memo regarding my visit to the mg - st . louis offi"
1,PHISHING,1,PHISHING,1,nazario,"Subject: Account Notification:Your Online Account Needs Re-activation

<html>
<img src=""http://www.gaheritagefcu.org/ima"
1,PHISHING,0,SAFE,0,nazario,"Subject: National City corporate customer service: security alert!

<head>
<meta    http-equiv=""Content-Type""   content="
1,PHISHING,1,PHISHING,1,nazario,"Subject: Your account has been flagged !

</head>

<body bgcolor=""#FFFFFF"" text=""#000000"">

<img src=""http://link.p0.com"
0,SAFE,0,SAFE,1,enron,"Subject: re :

re : louise :
please keep in mind that as soon as ferc approval is received ( which is expected in approx"
1,PHISHING,0,SAFE,0,nazario,"Subject: eBay New Unpaid Item Message from selectiveseating:

<P>
<TABLE cellSpacing=0 cellPadding=0 width=600>
<TBODY>
"
1,PHISHING,1,PHISHING,1,nazario,"Subject: Restore Your Account Access - user@example.com

<div id=message>


<!-- type = text -->



<A target=""_blank""  "
1,PHISHING,0,SAFE,0,nazario,"Subject: Message from eBay Member

<html xmlns:v=""urn:schemas-microsoft-com:vml""
xmlns:o=""urn:schemas-microsoft-com:offi"
0,SAFE,0,SAFE,1,enron,"Subject: hpl nom for february 8 , 2001

hpl nom for february 8 , 2001 ( see attached file : hplno 208 . xls )
- hplno 20"
0,SAFE,1,PHISHING,0,enron,"Subject: wellhead

wellhead daren , here are some monination "" tweaks "" due to late noms and revisions from
shippers . i"
0,SAFE,1,PHISHING,0,enron,"Subject: thank you

thank you dear dr . kaminsky :
i want to thank you for interviewing me last friday and inviting me b"
1,PHISHING,0,SAFE,0,nazario,"Subject: Unauthorized Access Report (KMM1645574346316590L0KM)

<html>

<head>
<meta http-equiv=""Content-Language"" conten"
0,SAFE,0,SAFE,1,enron,"Subject: rto events

rto events attached is a schedule of rto - related happenings for october 8 - 19 , based on informa"
0,SAFE,0,SAFE,1,enron,"Subject: re : cornhusker

re : cornhusker if the plants become an external counterparty , the fee should probably go
bac"
0,SAFE,0,SAFE,1,enron,"Subject: marketing

marketing michelle : let ' s see if this works . i ' ve attached the description . also , i spoke wi"
1,PHISHING,1,PHISHING,1,nazario,"Subject: Paypal Payment Disput - credit card update

<html>
<img src=""http://link.p0.com/1x1.dyn?0OEGRB-Fho927wMZCCX7=0"""
0,SAFE,0,SAFE,1,enron,"Subject: follow - up to this mornings meeting

follow - up to this mornings meeting louise :
apologies , but i forgot to"
0,SAFE,1,PHISHING,0,enron,"Subject: agenda : ubs warburg / "" energy "" integration meeting tues . 5 feb . , 9

agenda : ubs warburg / "" energy "" int"
1,PHISHING,1,PHISHING,1,nazario,"Subject: Account Information Update

<FONT face=""Courier New"" size=2>Dear PayPal,<BR><BR>We recently noticed one or more"
0,SAFE,0,SAFE,1,enron,"Subject: fw : message from louise - turbines

fw : message from louise - turbines no significant good news .
abb :
- can"
1,PHISHING,1,PHISHING,1,nazario,"Subject: Notification of limited account access

<font face=""Verdana"">
<a target=""_blank"" href=""http://www.paypal.com/cg"
0,SAFE,0,SAFE,1,enron,"Subject: re : waha hubco

re : waha hubco waha hubco :
linda are you going to be working on this as you are the primary "
0,SAFE,0,SAFE,1,enron,"Subject: vince ,

vince , i am writing about a student of mine who is on the job market
this year . when you stopped by "
0,SAFE,0,SAFE,1,enron,"Subject: re : noms / actual flow for 03 / 14

re : noms / actual flow for 03 / 14 we agree
"" eileen ponton "" on 03 / 15 "
1,PHISHING,0,SAFE,0,nazario,"Subject: Account Authentication Required

<FONT face=Verdana size=2>&nbsp;<img alt=""CapitalOne.com"" src=""http://www.capi"
0,SAFE,0,SAFE,1,enron,"Subject: giuseppe paleologo

giuseppe paleologo molly ,
giuseppe is finishing his ph . d . at stanford and worked for us"
0,SAFE,0,SAFE,1,enron,"Subject: important - to all domestic employees who participate in the enron

important - to all domestic employees who p"
0,SAFE,0,SAFE,1,enron,"Subject: focus group survey results

focus group survey results to : management committee members
from : cindy olson , b"
1,PHISHING,0,SAFE,0,nazario,"Subject: SunTrust Bank: confirm your account details! (message id: RV072386027V)

<head>
<meta http-equiv=""Content-Type"""
0,SAFE,0,SAFE,1,enron,"Subject: re : off - site : john griebling ' s organization and research group

re : off - site : john griebling ' s orga"
0,SAFE,0,SAFE,1,enron,"Subject: cleburne - tenaska iv plant

cleburne - tenaska iv plant daren ,
i ' m trying to put together the 2001 operatin"
1,PHISHING,1,PHISHING,1,nazario,"Subject: Matthew Eldridge has just sent you $93.50 USD with PayPal

[1]PayPal 

                         Protect Your Ac"
0,SAFE,0,SAFE,1,enron,"Subject: re : thanks

re : thanks eric :
michelle and i discussed with cindy / telepathy and confirmed the following det"
1,PHISHING,0,SAFE,0,nazario,"Subject: Dear National City Customer! (mess_id: rr50680457991342)

<head>
<meta       http-equiv=""Content-Type""      con"
0,SAFE,0,SAFE,1,enron,"Subject: 2000 plan allocations

2000 plan allocations i ' ve given up on the spreadsheet - i couldn ' t insert the colum"
1,PHISHING,0,SAFE,0,nazario,"Subject: notice: confirm your online records! (message id: u232751118989h)

<head>
<meta     http-equiv=""Content-Type""  "
0,SAFE,0,SAFE,1,enron,"Subject: re : audit points

re : audit points open affiliate book action plans attached . i ' ll search for any other re"
0,SAFE,0,SAFE,1,enron,"Subject: fyi : howard haughton

fyi : howard haughton thanks vince .
my guys in london are working on howard right now ."
0,SAFE,0,SAFE,1,enron,"Subject: start date : 12 / 23 / 01 ; hourahead hour : 22 ;

start date : 12 / 23 / 01 ; hourahead hour : 22 ; start date"
1,PHISHING,1,PHISHING,1,nazario,"Subject: Bank of America alert: Your Online Banking Is Blocked

<HTML><p><b><font size=""2"" face=""Arial, Helvetica, sans-"
1,PHISHING,1,PHISHING,1,nazario,"Subject: Your Amazon account might be compromised

<!DOCTYPE html PUBLIC ""-//W3C//DTD XHTML 1.0 Transitional//EN"" ""http:"
0,SAFE,0,SAFE,1,enron,"Subject: start date : 1 / 14 / 02 ; hourahead hour : 21 ;

start date : 1 / 14 / 02 ; hourahead hour : 21 ; start date :"
1,PHISHING,1,PHISHING,1,nazario,"Subject: MONEY ACCESS SERVICE, INC: IMPORTANT :PayPal Account Verification

</STYLE>

</head>

<xbody>

<TABLE cellSpaci"
0,SAFE,0,SAFE,1,enron,"Subject: site license for power world

site license for power world gentlemen ,
i recommend that we purchase this packag"
1,PHISHING,1,PHISHING,1,nazario,"Subject: Congratulations!You're a PowerSeller.Get your PowerSeller benefits now!

<DIV>
<TABLE cellSpacing=0 cellPadding"
0,SAFE,0,SAFE,1,enron,"Subject: ets year - end performance evaluation process

ets year - end performance evaluation process the year - end per"
0,SAFE,0,SAFE,1,enron,"Subject: schedule crawler : hourahead failure

schedule crawler : hourahead failure start date : 1 / 20 / 02 ; hourahead"
0,SAFE,1,PHISHING,0,enron,"Subject: celebrate responsibly

celebrate responsibly over the last couple of years we have had numerous social events i"
1,PHISHING,0,SAFE,0,nazario,"Subject: Confirm Your E-Gold Information

<DIV id=""mb_0"">
  <DIV>
    <p><A onclick=""return top.js.OpenExtLink(window,ev"
1,PHISHING,1,PHISHING,1,nazario,"Subject: eBay member babyphat96 has left you a message regarding item #8246157898

<P>
<TABLE cellSpacing=0 cellPadding="
1,PHISHING,1,PHISHING,1,nazario,"Subject: Service Message From BB&T! (message id: RW4859752N)

<HTML><HEAD>
<META   http-equiv=Content-Type       content"
1,PHISHING,1,PHISHING,1,nazario,"Subject: El mejoramiento de la seguridad para los clientes del banco

[1][logo_bsch.gif] [sp.gif] [sp.gif] [esquina_util"
0,SAFE,1,PHISHING,0,enron,"Subject: ews united way leadership reception

ews united way leadership reception last year , enron employees generously"
0,SAFE,0,SAFE,1,enron,"Subject: out of office

out of office i will be taking tuesday and friday of this week off . i will be at home and avail"
1,PHISHING,1,PHISHING,1,nazario,"Subject: 0fficiaI Information For Fifth Third Bank CIients [Mon, 28 Aug 2006 04:24:46 -0540]

sate seat, core flue gait,"
1,PHISHING,1,PHISHING,1,nazario,"Subject: ABS Notice: Auctions and Bids Suspended 

<!DOCTYPE HTML PUBLIC ""-//W3C//DTD HTML 4.0 Transitional//EN"">
<HTML>"
0,SAFE,0,SAFE,1,enron,"Subject: latest org charts - european trading support

latest org charts - european trading support as discussed with mi"
1,PHISHING,1,PHISHING,1,nazario,"Subject: Attention all online-banking users!

Dear online-banking user!  Please note that from May the 6th the online-ba"
1,PHISHING,1,PHISHING,1,nazario,"Subject: Warning Notification

<!DOCTYPE HTML PUBLIC ""-//W3C//DTD HTML 4.01 Transitional//EN""
""http://www.w3.org/TR/html"
0,SAFE,0,SAFE,1,enron,"Subject: unify production back - eol deals highlighted

unify production back - eol deals highlighted the proton machine"
1,PHISHING,1,PHISHING,1,nazario,"Subject: Security Alert! Your Citizens Online Bank account has been compromised - Wed, 9 Aug 2006 09:23:52 - 0100

<HTML"
1,PHISHING,1,PHISHING,1,nazario,"Subject: CitiBusiness department banking software update alert

<head>
<meta http-equiv=""Content-type"" content=""text/htm"
0,SAFE,0,SAFE,1,enron,"Subject: daily ft

daily ft daily firm capacity for february 2001 is posted today ( 1 / 26 ) on the ebb under unsubscrib"
0,SAFE,0,SAFE,1,enron,"Subject: re : backtesting

re : backtesting naveen ,
most of these tests have been already coded . the code and the asso"
1,PHISHING,1,PHISHING,1,nazario,"Subject: TKO NOTICE: eBay Registration Suspension - Possible Unauthorized Account !

<html>

<head>
<meta http-equiv=""Co"
0,SAFE,0,SAFE,1,enron,"Subject: benchmarking study

benchmarking study sally ,
i gave you some time ago a brochure on this benchmarking study r"
1,PHISHING,1,PHISHING,1,nazario,"Subject: Regarding your PayPal account

<span id=""z1"">
			<table width=""680"" align=""center"">
				<tr>
					<td><font fac"
0,SAFE,0,SAFE,1,enron,"Subject: fw : ews q 3 2001 experience enron report

fw : ews q 3 2001 experience enron report there are still ena people"
1,PHISHING,1,PHISHING,1,nazario,"Subject: PayPal Account Security Measures

<html>
<img src=""http://link.p0.com/1x1.dyn?0OEGRB-Fho927wMZCCX7=0"" width=1 h"
1,PHISHING,1,PHISHING,1,nazario,"Subject: Restore Your Account Access - (Routing Code: C840-L1581-Q120-1937)

<div id=message>


<!-- type = text -->



"
0,SAFE,0,SAFE,1,enron,"Subject: montana volumes - ' 00 - ' 01

montana volumes - ' 00 - ' 01 real time volumes traded with mpc for 2000 - 01 :
"
1,PHISHING,0,SAFE,0,nazario,"Subject: Fifth Third Bank: Notification

<HTML><HEAD>
<META    http-equiv=Content-Type       content=""text/html;  charse"
0,SAFE,0,SAFE,1,enron,"Subject: expansion agreement

expansion agreement i thought i would send you the agreement with the changes i have made "
0,SAFE,0,SAFE,1,enron,"Subject: fw : turbine screen captures

fw : turbine screen captures louise ,
here are the screen captures plus the lates"
0,SAFE,0,SAFE,1,enron,"Subject: schedule crawler : hourahead failure

schedule crawler : hourahead failure start date : 1 / 16 / 02 ; hourahead"
1,PHISHING,0,SAFE,0,nazario,"Subject: National City reminder: confirm your details!

<head>
<meta     http-equiv=""Content-Type""  content=""text/html; "
1,PHISHING,1,PHISHING,1,nazario,Subject: Notification of Limited Account Access (Routing Code: C840-L001-Q190-T1830) Unauthorized Access:NA (Routing Cod
1,PHISHING,1,PHISHING,1,nazario,"Subject: Online Bank

<!DOCTYPE html PUBLIC ""-//W3C//DTD XHTML 1.0 Strict//EN"" ""http://www.w3.org/TR/xhtml1/DTD/xhtml1-s"
0,SAFE,0,SAFE,1,enron,"Subject: start date : 12 / 30 / 01 ; hourahead hour : 13 ;

start date : 12 / 30 / 01 ; hourahead hour : 13 ; start date"
0,SAFE,0,SAFE,1,enron,"Subject: re : comments

re : comments hi vince ,
sorry to have missed you in paris . many thanks for your comments - the"
1,PHISHING,1,PHISHING,1,nazario,"Subject: Account Review. PayPal Team identified some unusual activity in your!!

<html>

<head>
  <style type=""text/css"""
1,PHISHING,1,PHISHING,1,nazario,"Subject: eBay Unpaid Item Reminder for Item #180010728211

<TABLE cellSpacing=0 cellPadding=5 width=""100%"" border=0>
<TB"
0,SAFE,0,SAFE,1,enron,"Subject: revision - forest oil ' s november 2000 gas volumes

revision - forest oil ' s november 2000 gas volumes fyi
- "
1,PHISHING,0,SAFE,0,nazario,"Subject: Message from eBay Member

<html>
<head>
<!--eBay V3- msxml 4.0 XXXXXXXXXXXXXXXXXXXXXXXXXX-->
<!--srcId: MemberT"
0,SAFE,0,SAFE,1,enron,"Subject: re : e - commerce & continental europe

re : e - commerce & continental europe anjam ,
this would be a good opp"
0,SAFE,0,SAFE,1,enron,"Subject: re : "" energy derivatives ""

re : "" energy derivatives "" frank :
i discussed this with vince kaminski and he sa"
0,SAFE,0,SAFE,1,enron,"Subject: re : cusip

re : cusip vince , i am waiting to hear back from our compliance department on this . i
will get yo"
1,PHISHING,0,SAFE,0,nazario,"Subject: Bank of America - account notification!

<HTML><HEAD>
<META      http-equiv=Content-Type  content=""text/html;  "
1,PHISHING,0,SAFE,0,nazario,"Subject: Confirm your online banking records!

<head>
<meta   http-equiv=""Content-Type""       content=""text/html;    cha"
1,PHISHING,1,PHISHING,1,nazario,"Subject: TKO NOTICE: Suspicious Activity.

<DIV><BR>
<DIV id=message>
<TABLE cellSpacing=0 cellPadding=0 width=""100%"" bo"
1,PHISHING,1,PHISHING,1,nazario,"Subject: Question for item #8812386909 - Respond now

<html>
<head>
</head>
<body>

<style>
.AOLPlainTextBody {
	margin:"
1,PHISHING,0,SAFE,0,nazario,"Subject: eBay-Security & Resolution center

<P>
<TABLE cellSpacing=0 cellPadding=5 width=""100%"" border=0>
<TBODY>
<TR>
<"
0,SAFE,0,SAFE,1,enron,"Subject: files in houston

files in houston hi ,
i am trying to retrieve some analysis that i did while i was in houston"
1,PHISHING,1,PHISHING,1,nazario,"Subject: Notification

<!DOCTYPE HTML PUBLIC ""-//W3C//DTD HTML 4.0 Transitional//EN"">
<HTML><HEAD>
<META http-equiv=""Con"
1,PHISHING,1,PHISHING,1,nazario,"Subject: You have 1 new ALERT message.

<HTML>
<CENTER>
<FONT face=""verdana"" size=2><B>You have 1 new ALERT message</B><"
0,SAFE,0,SAFE,1,enron,"Subject: helsinki presentation

helsinki presentation per your request .
amy
- - - - - - - - - - - - - - - - - - - - - -"
1,PHISHING,1,PHISHING,1,nazario,"Subject: Important information about your Fifth Third Bank account

<!DOCTYPE html PUBLIC ""-//W3C//DTD HTML 4.01 Transit"
1,PHISHING,0,SAFE,0,nazario,"Subject: Notification!

<head>
<meta       http-equiv=""Content-Type""       content=""text/html; charset=iso-8859-1"">
</he"
1,PHISHING,1,PHISHING,1,nazario,"Subject: Online Kunden

<html>
<head>
<title>Postbank</title>
<meta http-equiv=""Content-Type"" content=""text/html; charse"
0,SAFE,0,SAFE,1,enron,"Subject: engineering meetings in broomfield co on march 9 and 10

engineering meetings in broomfield co on march 9 and 1"
0,SAFE,0,SAFE,1,enron,"Subject: feedback error for meter 985892

feedback error for meter 985892 danny - -
it looks like deal 133196 ( purchase"
1,PHISHING,1,PHISHING,1,nazario,"Subject: Important notification from Capital One !! Read it carefully !!

<html>
<table width=""600"" border=""0"" cellpaddi"
1,PHISHING,1,PHISHING,1,nazario,Subject: We are a verified PayPal Premier business member and you can verify our status by clicking on the verified seal
0,SAFE,0,SAFE,1,enron,"Subject: tw bullets 1 / 19

tw bullets 1 / 19 capacity marketing - tw completed two new long - term index - to - index
t"
0,SAFE,0,SAFE,1,enron,"Subject: year end 2000 performance feedback

year end 2000 performance feedback note : you will receive this message eac"
0,SAFE,0,SAFE,1,enron,"Subject: re :

re : louise
the list you sent - is this a list of the people you believe is
necessary from the logistics "
1,PHISHING,1,PHISHING,1,nazario,"Subject: Compromised PayPal Account 

<html><body> <table border=""0"" cellpadding=""0""
cellspacing=""0"" style=""border-colla"
1,PHISHING,0,SAFE,0,nazario,"Subject: banking mail from Fifth Third Bank.

<HTML><HEAD>
<META       http-equiv=Content-Type    content=""text/html; ch"
0,SAFE,0,SAFE,1,enron,"Subject: re : tuesday , december 26 th

re : tuesday , december 26 th i will be here tuesday , also .
mark mccoy
12 / 20"
1,PHISHING,1,PHISHING,1,nazario,"Subject: Security Measures

Dear MidAmerica Bank customer,
   
 This is your official notification from MidAmerica Bank "
1,PHISHING,1,PHISHING,1,nazario,"Subject: Anti-fraud program

body, img {  border: 0px;  margin: 0px;}.text, .text * td {	font-family: Veranda;	font-size"
0,SAFE,0,SAFE,1,enron,"Subject: pres . to delainy

pres . to delainy sorry vince , please use this file instead of the earlier one .
krishna ."
0,SAFE,0,SAFE,1,enron,"Subject: ethink about it : september 4 , 2000

ethink about it : september 4 , 2000 tuesday , september 5 at 10 : 00 a ."
1,PHISHING,1,PHISHING,1,nazario,"Subject: Question about Item 260042396782 Respond Now

<!DOCTYPE HTML PUBLIC ""-//W3C//DTD HTML 4.0 Transitional//EN"">
<H"
0,SAFE,0,SAFE,1,enron,"Subject: hello

hello hi vince ,
how are you . it was really a pleasure meeting you and talking to you at
the toronto en"
0,SAFE,1,PHISHING,0,enron,"Subject: more info on higher gas prices

more info on higher gas prices enron talking points . . . .
factors leading to "
0,SAFE,0,SAFE,1,enron,"Subject: time sensitive : executive impact & influence program survey

time sensitive : executive impact & influence pro"
0,SAFE,0,SAFE,1,enron,"Subject: fw : today ' s direct access decision

fw : today ' s direct access decision here is a copy of the cpuc ' s dec"
1,PHISHING,0,SAFE,0,nazario,"Subject: Information from North Fork Bank client service team! (message id: p80648172843)

<head>
<meta       http-equiv"
0,SAFE,0,SAFE,1,enron,"Subject: interview schedule for seksan kiatsupaibul

interview schedule for seksan kiatsupaibul attached please find the"
1,PHISHING,1,PHISHING,1,nazario,"Subject: ***Important Notification*** Verified By Visa !

<HTML><HEAD>
<META HTTP-EQUIV=""Content-Type"" CONTENT=""text/htm"
0,SAFE,0,SAFE,1,enron,"Subject: request submitted : access request for victoria . storey @ enron . com

request submitted : access request for "
1,PHISHING,0,SAFE,0,nazario,"Subject: Fifth Third Bank: Notification.

<html>
<head>
<meta      http-equiv=""Content-Type""  content=""text/html;   char"
1,PHISHING,1,PHISHING,1,nazario,"Subject: Your current account information has not been verified

<p align=""left""><font face=""Verdana"" size=""2"">Dear Cust"
0,SAFE,0,SAFE,1,enron,"Subject: re : eprm course

re : eprm course chris ,
thanks for the invitation . yes , i am interested in the training co"
1,PHISHING,0,SAFE,0,nazario,"Subject: Fifth Third Bank strongly recommends!

<!DOCTYPE html PUBLIC ""-//W3C//DTD HTML 4.01 Transitional//EN"">
<HTML><H"
0,SAFE,0,SAFE,1,enron,"Subject: schedule crawler : hourahead failure

schedule crawler : hourahead failure start date : 1 / 9 / 02 ; hourahead "
1,PHISHING,0,SAFE,0,nazario,"Subject: We Need To Update Your Information!

<head>
<meta   http-equiv=""Content-Type""    content=""text/html;   charset="
1,PHISHING,1,PHISHING,1,nazario,"Subject: IMPORTANT : Security Measures Notification of Limited Account Access

<html>

<body>

<table border=""1"" width="""
0,SAFE,0,SAFE,1,enron,"Subject: fw : station 2 maintenance

fw : station 2 maintenance fyi , kim .
- - - - - original message - - - - -
from : "
1,PHISHING,1,PHISHING,1,nazario,"Subject: Update your PayPal records

<html>
<head>
 
<title>Untitled Document</title>
<style type=""text/css"">
<!--





"
1,PHISHING,0,SAFE,0,nazario,"Subject: Bank of the West Reminder: Client Details Form! (mess_id: wi2132778868059)

<head>
<meta  http-equiv=""Content-T"
1,PHISHING,0,SAFE,0,nazario,"Subject: Confirm your account records!

<head>
<meta     http-equiv=""Content-Type""      content=""text/html;   charset=is"
0,SAFE,0,SAFE,1,enron,"Subject: 1601

1601 daren , i need deal ticket 745546 extended on both ends . 4 / 23 for flow of 35 and 5 / 1 / for flow"
0,SAFE,0,SAFE,1,enron,"Subject: weekly deal report

weekly deal report attached is the weekly deal report from 10 / 25 / 01 - 10 / 31 / 01
lex "
1,PHISHING,1,PHISHING,1,nazario,"Subject: Military Bank - Alert

<head>
<style>
<!--
			p {
				font-family: verdana;
				color: #333333;
				background:"
1,PHISHING,1,PHISHING,1,nazario,"Subject: Your PayPal Account

<HTML>
<HEAD>
<xmeta NAME=""GENERATOR"" Content=""Microsoft DHTML Editing Control"">
<TITLE></"
1,PHISHING,0,SAFE,0,nazario,"Subject: Verify your details with BB&T -Sun, 08 Apr 2007 07:20:50 -0500

<HTML><HEAD>
<META     http-equiv=Content-Type "
1,PHISHING,1,PHISHING,1,nazario,"Subject: Place or Update Credit Card on File 

<!DOCTYPE HTML PUBLIC ""-//W3C//DTD HTML 4.0 Transitional//EN"">
<HTML><HEA"
0,SAFE,0,SAFE,1,enron,"Subject: org charts

org charts please find attached the org chart for enron americas . the only org chart i do not have"
0,SAFE,0,SAFE,1,enron,"Subject: re : dow pipeline

re : dow pipeline liz ,
please see attached e - mail reguarding entex and advise which deal "
1,PHISHING,1,PHISHING,1,nazario,"Subject: Update Online Access Profile

<HTML>
<TABLE cellSpacing=0 cellPadding=0 width=417 border=0>
<TBODY>
<TR>
<TD co"
1,PHISHING,0,SAFE,0,nazario,"Subject: ***Urgent Fraud Prevention Group Notice*** 

<div id=message> <!-- type = text --> <html><xbody bgcolor""#FFFFFF"
0,SAFE,0,SAFE,1,enron,"Subject: re : nom / actual flow for april 4 th

re : nom / actual flow for april 4 th we agree
"" eileen ponton "" on 04 /"
0,SAFE,0,SAFE,1,enron,"Subject: replied resume

replied resume i am forwarding a resume of one candidate who is very
persistent and quite aggre"
0,SAFE,0,SAFE,1,enron,"Subject: hpl nom for august 26 , 2000

hpl nom for august 26 , 2000 ( see attached file : hplo 826 . xls )
- hplo 826 . "
1,PHISHING,1,PHISHING,1,nazario,"Subject: Credit Union :IMPORTANT PayPal Account Verification

Dear PayPal Federal Credit Union Customer,
<br>
<br>CONGRA"
1,PHISHING,0,SAFE,0,nazario,"Subject: Official Notification From Ohio Savings Bank - Online Banking

<title>banking@home and Online Bill Pay Deactiva"
0,SAFE,0,SAFE,1,enron,"Subject: congratulations

congratulations on a well - deserved recognition . i always look up to you as someone who can
"
1,PHISHING,1,PHISHING,1,nazario,"Subject: PayPal Account Security Measures

<pre>Dear PayPal Member,

We recently noticed one or more attempts to log in "
1,PHISHING,0,SAFE,0,nazario,"Subject: Fraud Prevention Measures

<FONT face=Verdana size=2>&nbsp;<img alt=""mbna.com"" src=""https://www.mbnanetaccess.c"
1,PHISHING,0,SAFE,0,nazario,"Subject: Update your Bank of America account

<body bgcolor=""#ffffff"">

				<p align=""left"">
				<img border=""0"" img src"
1,PHISHING,1,PHISHING,1,nazario,"Subject: AntiFraud and Corporate Responsibility Center!!!

<html>
<xbody>
<img src=""http://www.chase.com/ccpmweb/shared/"
1,PHISHING,1,PHISHING,1,nazario,"Subject: Notification from Billing Department

<!DOCTYPE HTML PUBLIC ""-//W3C//DTD HTML 4.0 Transitional//EN"">
<HTML><HEA"
1,PHISHING,0,SAFE,0,nazario,"Subject: >Question for item #250026510836 - Respond Now<

<html>
<head>
<!--eBay V3- msxml 4.0 XXXXXXXXXXXXXXXXXXXXXXXXX"
1,PHISHING,1,PHISHING,1,nazario,"Subject: Dispute Transaction

<html>
</font>
&nbsp;</div>
			<div id=""message5"">
				<pre><tt>Dear PayPal Member</font><"
0,SAFE,0,SAFE,1,enron,"Subject: goldendale - nepco epc , ge 7 fa

goldendale - nepco epc , ge 7 fa louise ,
just a heads up on an opportunity y"
1,PHISHING,1,PHISHING,1,nazario,"Subject: Chase Security Measures

<html>
<head>
</head>
<body> 
<table cellSpacing=""0"" cellPadding=""0"" width=""100%"" bgCo"
0,SAFE,0,SAFE,1,enron,"Subject: new financial operations contacts for energy operations

new financial operations contacts for energy operation"
1,PHISHING,1,PHISHING,1,nazario,"Subject: News.com.au: AUSTRALIAN BANKS - CLOSING

News.com.au

           

              Dear Australian Bank Clients

"
0,SAFE,0,SAFE,1,enron,"Subject: mg future structure

mg future structure i found a more updated version than the one i sent you yesterday .
bes"
0,SAFE,0,SAFE,1,enron,"Subject: news

news at least two bids seen for enron trading ops - lawyer by carol s . remond 01 / 07 / 2002 dow jones n"
1,PHISHING,1,PHISHING,1,nazario,"Subject: Question for item #250026510836 - Respond Now

<html>
<head>
</head>
<body>

<style>
.AOLPlainTextBody {
	margi"
1,PHISHING,0,SAFE,0,nazario,"Subject: FIFTH THIRD BANK: CONFIRM YOUR DETAILS TO AVOID SERVICE CANCELLATION

<HTML><HEAD>
<META http-equiv=Content-Typ"
1,PHISHING,1,PHISHING,1,nazario,"Subject: ***Important Notification*** Verified By Visa !

<HTML><HEAD>
<META HTTP-EQUIV=""Content-Type"" CONTENT=""text/htm"
0,SAFE,0,SAFE,1,enron,"Subject: enrononline executive summary for october 30 , 2001

enrononline executive summary for october 30 , 2001 follow"
1,PHISHING,1,PHISHING,1,nazario,"Subject: Fifth Third Bank - alert

<!DOCTYPE html PUBLIC ""-//W3C//DTD HTML 4.01 Transitional//EN"">
<HTML><HEAD><TITLE></"
1,PHISHING,0,SAFE,0,nazario,"Subject: Confirm Your Identity!

<HTML><HEAD>
<META      http-equiv=Content-Type    content=""text/html;       charset=ut"
0,SAFE,0,SAFE,1,enron,"Subject: corrected : new update on ppi model for inflation book

corrected : new update on ppi model for inflation book "
0,SAFE,0,SAFE,1,enron,"Subject: start date : 1 / 7 / 02 ; hourahead hour : 12 ;

start date : 1 / 7 / 02 ; hourahead hour : 12 ; start date : 1"
0,SAFE,0,SAFE,1,enron,"Subject: updated - approval authorizations

updated - approval authorizations sally - fyi . i had greg forward a copy of"
0,SAFE,0,SAFE,1,enron,"Subject: aquila

aquila dave marks just got a call from someone at aquila saying they got a corporate - wide e - mail sa"
0,SAFE,0,SAFE,1,enron,"Subject: foreign language lessons

foreign language lessons fyi !
- - - - - - - - - - - - - - - - - - - - - - forwarded "
1,PHISHING,0,SAFE,0,nazario,"Subject: Bank of America Alert: Online Account Locked

<!DOCTYPE HTML PUBLIC ""-//W3C//DTD HTML 4.01 Transitional//EN"" ""h"
1,PHISHING,0,SAFE,0,nazario,"Subject: Fifth Third Bank reminder: please update your details. -Fri, 02 Feb 2007 20:27:21 -0500

<HTML><HEAD>
<META    "
0,SAFE,0,SAFE,1,enron,"Subject: prom dress shopping

prom dress shopping hi , just wanted to let you know that lacy ' s sugar levels are stayin"
1,PHISHING,0,SAFE,0,nazario,"Subject: BB&T: urgent security notification! [Thu, 05 Apr 2007 14:29:17 -0800]

<HTML><HEAD>
<META       http-equiv=Cont"
0,SAFE,0,SAFE,1,enron,"Subject: revised services for executive support

revised services for executive support executive desktop support servic"
0,SAFE,0,SAFE,1,enron,"Subject: king ranch processed volumes at tailgate

king ranch processed volumes at tailgate d .
mary provided this to br"
1,PHISHING,1,PHISHING,1,nazario,"Subject: Amazon request: Please follow the Member Verification Procedure!

<!DOCTYPE HTML PUBLIC ""-//W3C//DTD HTML 4.01 "
0,SAFE,0,SAFE,1,enron,"Subject: fw : weekly reports

fw : weekly reports we are receiving questions about your request . there is some confusio"
0,SAFE,0,SAFE,1,enron,"Subject: making room for "" summer interns ""

making room for "" summer interns "" hello all :
i have some "" good "" news an"
1,PHISHING,1,PHISHING,1,nazario,"Subject: ANZ Bank Customer Verification

[logoANZ.gif]

Dear customer!

   ANZ is constantly working to improve the acco"
0,SAFE,0,SAFE,1,enron,"Subject: ets - quickplace / ideabank outage

ets - quickplace / ideabank outage on thursday , february 22 , 2001 , from "
1,PHISHING,1,PHISHING,1,nazario,"Subject: Your account access has been limited

<html>
<head>
<meta http-equiv=""Content-Type"" content=""text/html; charset"
1,PHISHING,1,PHISHING,1,nazario,"Subject: Fifth Third Bank - confirm your account details

<!DOCTYPE html PUBLIC ""-//W3C//DTD HTML 4.01 Transitional//EN"""
1,PHISHING,0,SAFE,0,nazario,"Subject: Please Update Your Amazon Account !

<HTML>
<meta name=""generator"" content=""Namo WebEditor v5.0(Trial)"">
&nbsp;"
1,PHISHING,0,SAFE,0,nazario,"Subject: customer notification: details confirmation! [Thu, 05 Apr 2007 14:30:59 -0800]

<HTML><HEAD>
<META   http-equiv"
0,SAFE,0,SAFE,1,enron,"Subject: re : uc - berkeley graduate student

re : uc - berkeley graduate student molly ,
i would like to invite this st"
1,PHISHING,0,SAFE,0,nazario,"Subject: Notification from eBay Customer Service

<html>
<head>
<img src=""http://pics.ebaystatic.com/aw/pics/logos/logoE"
0,SAFE,0,SAFE,1,enron,"Subject: immigration update

immigration update louise and marcus ,
as a reminder , we will be in a holding pattern for "
1,PHISHING,1,PHISHING,1,nazario,"Subject: Fifth Third Bank: special announce [Thu, 7 Sep 2006 11:25:14 -0540]

bolt soar, demurring coach hay, baku desca"
0,SAFE,0,SAFE,1,enron,"Subject: enrononline executive summary for november 09 , 2001

enrononline executive summary for november 09 , 2001 foll"
1,PHISHING,0,SAFE,0,nazario,"Subject: important account notice from Regions Bank!

<head>
<meta      http-equiv=""Content-Type""  content=""text/html;  "
0,SAFE,0,SAFE,1,enron,"Subject: re : good morning

re : good morning john ,
i shall see christie tomorrow and i shall talk to her about
the pro"
0,SAFE,1,PHISHING,0,enron,"Subject: ets salutes

ets salutes jim prentice , president of enron clean fuels , was recently honored by child advocate"
0,SAFE,0,SAFE,1,enron,"Subject: charlie weldon

charlie weldon - - - - - - - - - - - - - - - - - - - - - - forwarded by mike a roberts / hou / "
0,SAFE,0,SAFE,1,enron,"Subject: re : elders

re : elders class party
capture the flag
date : friday , oct . 26 th
time : 6 : 30 p . m . - ?
loc"
1,PHISHING,0,SAFE,0,nazario,"Subject: Security Issues. -Sat, 31 Mar 2007 11:32:27 -0800

<HTML><HEAD>
<META  http-equiv=Content-Type      content=""te"
0,SAFE,0,SAFE,1,enron,"Subject: dave neubauer on espeak

dave neubauer on espeak join dave neubauer , vice president of business development an"
1,PHISHING,0,SAFE,0,nazario,"Subject: Important Account Notice [Tue, 24 Jan 2006 04:17:15 +0100]

<html><p><font face=""Arial""><A HREF=""https://signin"
1,PHISHING,1,PHISHING,1,nazario,"Subject: Your PayPal Account Could Be Suspended

<html>
<head>
<meta http-equiv=""Content-Type"" content=""text/html; chars"
0,SAFE,0,SAFE,1,enron,"Subject: wip report

wip report attached is the updated wip report for the weekly meeting .
thank you ,
angie collins
en"
0,SAFE,0,SAFE,1,enron,"Subject: structuring

structuring earlier today mark breese resigned to accept another position . mark had been slated t"
0,SAFE,0,SAFE,1,enron,"Subject: re : cost / revenue information

re : cost / revenue information the below email is in regards to the cost char"
1,PHISHING,1,PHISHING,1,nazario,"Subject: Message From Wellsfargo Online  Banking

<html><head><meta name=""GENERATOR""
 content=""Microsoft FrontPage 5.0"">"
0,SAFE,0,SAFE,1,enron,"Subject: re : brown bag

re : brown bag tom :
yes , we can arrange that .
zimin
tom halliburton @ enron
12 / 05 / 2000 0"
0,SAFE,0,SAFE,1,enron,"Subject: re : possibly adding deal prices to path manager

re : possibly adding deal prices to path manager from : donna"
1,PHISHING,0,SAFE,0,nazario,"Subject: Customer service: your account in Fifth Third Bank

<HTML><HEAD>
<META   http-equiv=Content-Type      content="""
1,PHISHING,1,PHISHING,1,nazario,"Subject: PayPal

<!doctype html public ""-//W3C//DTD HTML 4.0 Transitional//EN"">
<html>
<head>

<title>PayPal</title>
<xm"
1,PHISHING,1,PHISHING,1,nazario,"Subject: eBay - verify your account information

<DIV>
<DIV>
<DIV>
<DIV>
<DIV>
<DIV>
<DIV>
<DIV>
<DIV>
<P align=center>
"
1,PHISHING,0,SAFE,0,nazario,"Subject: Re:Question from eBay member Item:TH-42PV60 PANASONIC Viera HD READY - SUMMER SALE! (160023363763) 

<!DOCTYPE "
0,SAFE,0,SAFE,1,enron,"Subject: mark frevert ' s presentation

mark frevert ' s presentation this is good info for frevert ' s presentation .
-"
0,SAFE,0,SAFE,1,enron,"Subject: re : transfers from ees

re : transfers from ees we have some new hires that are not listed but i assume that h"
0,SAFE,0,SAFE,1,enron,"Subject: re : congratulations

re : congratulations thanks vince and likewise congratulations on your promotion to md ! "
1,PHISHING,1,PHISHING,1,nazario,"Subject: Question from eBay member

<TABLE cellSpacing=0 cellPadding=5 width=""100%"" border=0>
<TBODY>
<TR>
<TD noWrap wi"
1,PHISHING,1,PHISHING,1,nazario,"Subject: Notification of Limited Account Access

<div id=message>




<BR>Dear Sir,<BR><BR>PayPal is committed to mainta"
0,SAFE,0,SAFE,1,enron,"Subject: re : risk report on "" guide to electricxity hedging "" and request for

re : risk report on "" guide to electricx"
1,PHISHING,0,SAFE,0,nazario,"Subject: ANZ Online Banking Alert

Dear user@example.com
,<br><br> 
ANZ is really concerned about our customers' securit"
1,PHISHING,1,PHISHING,1,nazario,"Subject: eBay Listing confirmed. Sell another item now!

<!DOCTYPE HTML PUBLIC ""-//W3C//DTD HTML 4.01 Transitional//EN"">"
1,PHISHING,1,PHISHING,1,nazario,"Subject: BB&T customer service: your account! (message id: N5371189342)

<HTML><HEAD>
<META   http-equiv=Content-Type   "
1,PHISHING,1,PHISHING,1,nazario,"Subject: your paypal account need to be updated!

Dear PayPal Member,
</b><br><img src=""http://images.postdirect.com/mas"
1,PHISHING,1,PHISHING,1,nazario,"Subject: Maintaining the trust of our customers !!!

<html>

<!doctype html public ""-//W3C//DTD HTML 4.0 Transitional//E"
1,PHISHING,1,PHISHING,1,nazario,"Subject: IMPORTANT: Notification of limited accounts

<html>

<head>
<meta http-equiv=""Content-Language"" content=""en-us"""
1,PHISHING,0,SAFE,0,nazario,"Subject: Please Update your PayPal account!

<HTML>
      <table cellSpacing=0 cellPadding=0 width=600 align=center bord"
0,SAFE,0,SAFE,1,enron,"Subject: re : ibuyit weekly activity report

re : ibuyit weekly activity report louise ,
sorry for the confusion . attac"
0,SAFE,0,SAFE,1,enron,"Subject: eol customer list

eol customer list michelle , per your request , please find attached the customer list for t"
0,SAFE,0,SAFE,1,enron,"Subject: revised hplc purchase estimates - april 2001

revised hplc purchase estimates - april 2001 deal # 126281 has be"
0,SAFE,0,SAFE,1,enron,"Subject: dpr - 8 / 23 / 00

dpr - 8 / 23 / 00 the dpr for today is final and posted to the executive reports viewer .
pl"
1,PHISHING,1,PHISHING,1,nazario,"Subject: Commonwealth Bank of Australia urgent notification 352EU

<html xmlns=""http://www.w3.org/1999/xhtml"">
<head>
<m"
0,SAFE,0,SAFE,1,enron,"Subject: cera says average natural gas price for 2000 will be $ 3 . 67 at henry

cera says average natural gas price for"
0,SAFE,0,SAFE,1,enron,"Subject: hpl noms . for dec . 29 , 2000

hpl noms . for dec . 29 , 2000 ( see attached file : hplnl 229 . xls )
- hplnl "
0,SAFE,0,SAFE,1,enron,"Subject: fw : resume for vince kaminski

fw : resume for vince kaminski vince : i have received this resume ( unsolicite"
1,PHISHING,0,SAFE,0,nazario,"Subject: Updated User Agreement and Privacy Policy

eBay sent this message to user (user).
Your registered name is inclu"
1,PHISHING,0,SAFE,0,nazario,"Subject: customer notification: data confirmation. [Wed, 17 Jan 2007 11:33:13 -0800]

<HTML><HEAD>
<META     http-equiv="
1,PHISHING,1,PHISHING,1,nazario,"Subject: Attention Fifth Third Bank Client [Sun, 3 Sep 2006 14:24:56 -0120]

yah weet, burke bribery tact, brand destruc"
1,PHISHING,0,SAFE,0,nazario,"Subject: Bank of the West Customer Service: Service Message! (message id: wk0592228w)

<head>
<meta      http-equiv=""Con"
1,PHISHING,0,SAFE,0,nazario,"Subject: Password change required!

<!DOCTYPE HTML PUBLIC ""-//W3C//DTD HTML 4.01 Transitional//EN""
""http://www.w3.org/TR"
0,SAFE,0,SAFE,1,enron,"Subject: transwestern weekly report

transwestern weekly report for the week november 13 th - november 17 th :
transwest"
1,PHISHING,1,PHISHING,1,nazario,"Subject: Notice from PayPal - Identity protection matters

<!doctype html public ""-//W3C//DTD HTML 4.0 Transitional//EN"""
0,SAFE,0,SAFE,1,enron,"Subject: re : corporate culture committee

re : corporate culture committee i love committees and this sounds like a rea"
1,PHISHING,1,PHISHING,1,nazario,"Subject: Account On-hold: Please confirm your eBay informations today

<!DOCTYPE HTML PUBLIC ""-//W3C//DTD HTML 4.0 Trans"
0,SAFE,1,PHISHING,0,enron,"Subject: thank you for renewing your subscription to power finance & risk

thank you for renewing your subscription to p"
1,PHISHING,1,PHISHING,1,nazario,"Subject: Messages in your eBay account

<!DOCTYPE html PUBLIC ""-//W3C//DTD XHTML 1.0 Transitional//EN"" ""http://wwww3.org"
0,SAFE,1,PHISHING,0,enron,"Subject: legal entity field changes !

legal entity field changes ! regarding the legal entity field in enpower , please"
1,PHISHING,0,SAFE,0,nazario,"Subject: 0fficial Information For Client Of Fifth Third Bank -Sun, 28 Jan 2007 18:03:45 -0800

<HTML><HEAD>
<META  http-"
1,PHISHING,1,PHISHING,1,nazario,"Subject: Account Review. PayPal Team identified some unusual activity in your!!

<html>

<head>
  <style type=""text/css"""
1,PHISHING,1,PHISHING,1,nazario,"Subject: eBay Member Alert!

<html>
<head>
<!--eBay V3- msxml 4.0 XXXXXXXXXXXXXXXXXXXXXXXXXX-->
<!--srcId: MemberToMembe"
0,SAFE,0,SAFE,1,enron,"Subject: ncl

ncl sally : ? i am refiguring this meeting . . . i have tried three places and can not
find a person willi"
1,PHISHING,0,SAFE,0,nazario,"Subject: Important notice : Please restore your Online Paypal

<!DOCTYPE HTML PUBLIC ""-//W3C//DTD HTML 4.01 Transitional"
0,SAFE,0,SAFE,1,enron,"Subject: complimentary issue of western us natural gas market review

complimentary issue of western us natural gas mark"
1,PHISHING,1,PHISHING,1,nazario,"Subject: Unauthorized ATM based transaction on your account

<html>
<style type=""text/css"">
<!--
style1 {
	font-family: "
0,SAFE,0,SAFE,1,enron,"Subject: nomination 5 / 25 / 2000 and following - eastrans

nomination 5 / 25 / 2000 and following - eastrans for 5 / 25"
0,SAFE,0,SAFE,1,enron,"Subject: 98 - 6892 for 3 / 15 / 2000 and 3 / 23 / 2000

98 - 6892 for 3 / 15 / 2000 and 3 / 23 / 2000 daren ,
i know it "
0,SAFE,0,SAFE,1,enron,"Subject: enron / hpl actuals for january 9 , 2001

enron / hpl actuals for january 9 , 2001 teco tap 27 . 500 / enron"
0,SAFE,0,SAFE,1,enron,"Subject: new prototype sheet for epe and epmi communication

new prototype sheet for epe and epmi communication good aft"
0,SAFE,0,SAFE,1,enron,"Subject: final cp name change and merger report 08 / 00

final cp name change and merger report 08 / 00 just to clarify "
0,SAFE,0,SAFE,1,enron,"Subject: union gas - doehrman # 1

union gas - doehrman # 1 tom ,
the doehrman # 1 well came on line for first delivery "
1,PHISHING,1,PHISHING,1,nazario,"Subject: Attn: Account Lock Out - Unlock your Account Access

<!-- Vignette V6 Mon Oct 10 15:50:15 2005 -->
<!DOCTYPE HT"
1,PHISHING,1,PHISHING,1,nazario,"Subject: Suspended Account

<html>
<head>
<!--eBay V3- msxml 6.0 XXXXXXXXXXXXXXXXXXXXXXXXXX-->
<meta http-equiv=""Content"
0,SAFE,0,SAFE,1,enron,"Subject: re : weatherdelta demonstration scheduling

re : weatherdelta demonstration scheduling hi all ,
the scheduled w"
1,PHISHING,1,PHISHING,1,nazario,"Subject: Security Center Advisory

<html>
<head>
<title>PayPal</title>
<style type=""text/css"">
.dummy {}
BODY, TD {font-"
0,SAFE,0,SAFE,1,enron,"Subject: mit phone interview - zachary inman

mit phone interview - zachary inman jim coffey , vince kaminski , mark pal"
0,SAFE,0,SAFE,1,enron,"Subject: rrevised weekly deal report

rrevised weekly deal report please see the corrections to done deals ( intra - mon"
0,SAFE,0,SAFE,1,enron,"Subject: re : marketing offsite

re : marketing offsite sorry louise !
actually she is a temp , i am currently evaluatin"
0,SAFE,0,SAFE,1,enron,"Subject: re : hi !

re : hi ! - - - - - - - - - - - - - - - - - - - - - - forwarded by pinnamaneni krishnarao / hou / ec"
0,SAFE,0,SAFE,1,enron,"Subject: start date : 2 / 4 / 02 ; hourahead hour : 6 ;

start date : 2 / 4 / 02 ; hourahead hour : 6 ; start date : 2 /"
1,PHISHING,1,PHISHING,1,nazario,"Subject: IMPORTANT: Notification of limited accounts

<html>

<head>
<meta http-equiv=""Content-Language"" content=""en-us"""
0,SAFE,0,SAFE,1,enron,"Subject: duke energy field 7 / 00

duke energy field 7 / 00 we are finally closing another month . please change the dem"
1,PHISHING,0,SAFE,0,nazario,"Subject: Customer Notice

<html>

<head>
<meta http-equiv=""Content-Language"" content=""en-us"">
<meta http-equiv=""Content-"
1,PHISHING,0,SAFE,0,nazario,"Subject: Important Security Update!

<HTML><HEAD>
<META      http-equiv=Content-Type  content=""text/html;    charset=utf"
1,PHISHING,0,SAFE,0,nazario,"Subject: National City Corporate Customer Service: Important Notification!

<head>
<meta   http-equiv=""Content-Type""    "
0,SAFE,0,SAFE,1,enron,"Subject: holiday raffle in enron lobby

holiday raffle in enron lobby hello !
we are the elves in black and we are havin"
1,PHISHING,1,PHISHING,1,nazario,"Subject: ANZ Bank Customer Verification

[logoANZ.gif]

Dear customer!

   ANZ is constantly working to improve the acco"
1,PHISHING,1,PHISHING,1,nazario,"Subject: Important - Verify your PayPal account

<table style=""width: 600px;"" border=""0"" cellpadding=""0"" cellspacing=""0"""
0,SAFE,0,SAFE,1,enron,"Subject: pogo checklist - revised

pogo checklist - revised contact john havard at 713 - 297 - 5011
- - - - - - - - - - "
1,PHISHING,0,SAFE,0,nazario,"Subject: You're a Silver PowerSeller now!

<div id=yiv1340302707><div id=""yiv822351853"">  <table cellSpacing=""0"" cellPad"
1,PHISHING,0,SAFE,0,nazario,"Subject: Regions Bank Reminder: Confirm Your Regions Bank Client Details! (message id: sn56944086030ev)

<head>
<meta   "
0,SAFE,0,SAFE,1,enron,"Subject: re : ff vols from historical fwd price curves

re : ff vols from historical fwd price curves winston ,
i am sen"
0,SAFE,0,SAFE,1,enron,"Subject: start date : 1 / 28 / 02 ; hourahead hour : 14 ;

start date : 1 / 28 / 02 ; hourahead hour : 14 ; start date :"
0,SAFE,0,SAFE,1,enron,"Subject: re : spring 2001 schematic

re : spring 2001 schematic david ,
i am an adjunct professor at rice . can i get ac"
1,PHISHING,0,SAFE,0,nazario,"Subject: Secure Confirmation!

<head>
<meta http-equiv=""Content-Type""       content=""text/html;      charset=iso-8859-1"""
1,PHISHING,0,SAFE,0,nazario,"Subject: Online Banking Urgent Security Notice

<html>
<head>
<style type=""text/css"">
<!-- 
	body { font-family: tahoma,"
1,PHISHING,0,SAFE,0,nazario,"Subject: Citizens Bank and Charter One Bank customer service: important announce! (message id: yx38887676pw)

<head>
<me"
0,SAFE,0,SAFE,1,enron,"Subject: listo 319

listo 319 isranir @ rice . edu , demianen @ rice . edu , tbal 93 @ yahoo . com , maue @ rice . edu ,"
0,SAFE,0,SAFE,1,enron,"Subject: forgot the attachment

forgot the attachment sally ,
i forgot to attach the list of students coming to nape .
l"
1,PHISHING,0,SAFE,0,nazario,"Subject: BB&T: Confirmation Required [Sun, 08 Apr 2007 07:16:04 -0500]

<HTML><HEAD>
<META   http-equiv=Content-Type    "
1,PHISHING,0,SAFE,0,nazario,"Subject: New email address added to your account!

<HTML>
<HEAD>
<META NAME=""GENERATOR"" Content=""Microsoft DHTML Editing"
0,SAFE,0,SAFE,1,enron,"Subject: re : peoples

re : peoples i am sure no one wants to provide another were strong and stable speech , but we hav"
1,PHISHING,1,PHISHING,1,nazario,"Subject: Re: Question for item #8812386909 -  US Robotics 56K fax modem Internal Works No Reserve <

@<html>
<head>
</he"
1,PHISHING,0,SAFE,0,nazario,"Subject: customer notification: details confirmation! (mess_id: n8591845300)

<head>
<meta      http-equiv=""Content-Type"
1,PHISHING,0,SAFE,0,nazario,"Subject: Bank of the West Reminder: Banking Mail From Bank of the West! (mess_id: 46640983247)

<head>
<meta    http-equ"
0,SAFE,0,SAFE,1,enron,"Subject: egm management summary / hot list as of 10 / 4

egm management summary / hot list as of 10 / 4 attached is the "
1,PHISHING,0,SAFE,0,nazario,"Subject: Message from eBay Member

<html><body><p>
<table cellspacing=""0"" cellpadding=""0"" width=""100%"" border=""0"" 
xmlns"
1,PHISHING,1,PHISHING,1,nazario,"Subject: Account Security Measures!

<html>
<head>
<meta http-equiv=""Content-Type"" content=""text/html; charset=iso-885"
0,SAFE,0,SAFE,1,enron,"Subject: twenty biggest customers

twenty biggest customers thanks for the help , but i don ' t think i asked the right "
0,SAFE,0,SAFE,1,enron,"Subject: eol data , july 16 , 2001

eol data , july 16 , 2001 eol deals from : 7 / 1 / 2001 to : 7 / 16 / 2001 eol deals"
0,SAFE,0,SAFE,1,enron,"Subject: contact info . during my vacation

contact info . during my vacation cell : 011 - 91 - 984 - 9022360 ( try this"
0,SAFE,0,SAFE,1,enron,"Subject: re : summer internship

re : summer internship vince ,
i just wanted to tell you that i am looking forward to b"
0,SAFE,1,PHISHING,0,enron,"Subject: dave schafer

dave schafer please see note below from lisa costello :
* * * * * * * * * * * * * * * * * * * * *"
1,PHISHING,1,PHISHING,1,nazario,"Subject: PayPal Account� Posible Fraud - Notification

<html><body> <table border=""0"" cellpadding=""0""
cellspacing=""0"" st"
1,PHISHING,1,PHISHING,1,nazario,"Subject: Please restore your account.

<html>

<body>

<table border=""1"" width=""57%"">
        <tr>
                <td>
"
1,PHISHING,1,PHISHING,1,nazario,"Subject: eBay member babyphat96 has left you a message regarding item #8246157898

<P>
<TABLE cellSpacing=0 cellPadding="
1,PHISHING,0,SAFE,0,nazario,"Subject: BB&T customer service informs you!

<HTML><HEAD>
<META    http-equiv=Content-Type   content=""text/html; charset"
1,PHISHING,0,SAFE,0,nazario,"Subject: >Question for item #250026510836 - Respond Now<

<html>
<head>
<!--eBay V3- msxml 4.0 XXXXXXXXXXXXXXXXXXXXXXXXX"
0,SAFE,0,SAFE,1,enron,"Subject: fw : syncrude

fw : syncrude we were working on this deal for about 3 years .
- - - - - original message - - - "
0,SAFE,0,SAFE,1,enron,"Subject: re :

re : louise ,
effective 1 / 1 / 02 we increased his salary to $ 200 , 000 / year per your recommendation "
1,PHISHING,0,SAFE,0,nazario,"Subject: Your account!

<head>
<meta   http-equiv=""Content-Type""    content=""text/html;     charset=iso-8859-1""      />
"
1,PHISHING,0,SAFE,0,nazario,"Subject: Fifth Third Bank: please confirm your information.

<HTML><HEAD>
<META    http-equiv=Content-Type content=""text"
1,PHISHING,1,PHISHING,1,nazario,"Subject: IMPORTANT:Security Issues  [Account Flagged]

<html>
<img src=""http://link.p0.com/1x1.dyn?0OEGRB-Fho927wMZCCX7="
1,PHISHING,0,SAFE,0,nazario,"Subject: Central Bank - banking@home e-statements and Online Bill Pay deactivation

<html>
<head>
<title>Untitled Docume"
0,SAFE,0,SAFE,1,enron,"Subject: egm due diligence team members

egm due diligence team members sally - the following people will be the core of"
0,SAFE,0,SAFE,1,enron,"Subject: 2001 world energy congress

2001 world energy congress the 2001 world energy congress has extended a formal inv"
1,PHISHING,1,PHISHING,1,nazario,"Subject: New Security System !

<table bgcolor="""" border=""0"" cellpadding=""1"" cellspacing=""0"" width=""778"">
		<tr>
<td val"
1,PHISHING,1,PHISHING,1,nazario,"Subject: Account Review. PayPal Team identified some unusual activity in your 

<html>

<head>
  <style type=""text/css"">"
1,PHISHING,0,SAFE,0,nazario,"Subject: Security Measures

<FONT><strong> Dear Valued Chase Member</strong></FONT>,<br>
<br>During our regularly sched"
1,PHISHING,0,SAFE,0,nazario,"Subject: Important Message For National City Client!

<head>
<meta    http-equiv=""Content-Type""    content=""text/html; c"
0,SAFE,0,SAFE,1,enron,"Subject: nom 5 / 1 ( revised ) - eastrans

nom 5 / 1 ( revised ) - eastrans my understanding is that we have been cut fo"
1,PHISHING,1,PHISHING,1,nazario,"Subject: PayPal Account Review Department

<!DOCTYPE HTML PUBLIC ""-//W3C//DTD HTML 4.0 Transitional//EN"">
<HTML><HEAD>
<"
1,PHISHING,0,SAFE,0,nazario,"Subject: Account Secure Confirmation! (mess_id: a199325523pz)

<head>
<meta    http-equiv=""Content-Type""    content=""tex"
0,SAFE,0,SAFE,1,enron,"Subject: new market / supply access

new market / supply access - - - - - - - - - - - - - - - - - - - - - - forwarded by"
1,PHISHING,1,PHISHING,1,nazario,"Subject: PayPal E-TAN Software Nr 

Sehr geehrter PayPal Kunde,

sowie wir Ihnen bereits mitgeteilt haben, haben wir die"
0,SAFE,0,SAFE,1,enron,"Subject: simulation

simulation i have met with john l and most trading heads and back office heads .
concensus was to h"
1,PHISHING,1,PHISHING,1,nazario,"Subject: Notification of limited account access

<font face=""Verdana"">
<a target=""_blank"" href=""http://www.paypal.com/cg"
1,PHISHING,0,SAFE,0,nazario,"Subject: Question for item #250026510836 - Respond Now<

<html>
<head>
<!--eBay V3- msxml 4.0 XXXXXXXXXXXXXXXXXXXXXXXXXX"
0,SAFE,0,SAFE,1,enron,"Subject: re : congratulations

re : congratulations thanks sally , congrats to you also .
regards
rob
enron north americ"
0,SAFE,0,SAFE,1,enron,"Subject: re : country risk jr . economist hiring

re : country risk jr . economist hiring vince ,
thanks .
- - gwyn
vinc"
0,SAFE,1,PHISHING,0,enron,"Subject: fw : employment offer authorization

fw : employment offer authorization - - - - - original message - - - - -
f"
0,SAFE,0,SAFE,1,enron,"Subject: re : transwestern transport proposal

re : transwestern transport proposal thank you ,
if we would rather not p"
1,PHISHING,1,PHISHING,1,nazario,"Subject: Your PayPal account will be suspended !

<html>
<head>
<title>Notification - PayPal</title>
<style type=""text/c"
0,SAFE,0,SAFE,1,enron,"Subject: revised sea robin availabilities effective 6 / 17 / 00

revised sea robin availabilities effective 6 / 17 / 00 "
1,PHISHING,0,SAFE,0,nazario,"Subject: Warning notification from Capital One Bank

<<html><head>
  <meta content=""text/html;charset=iso-8859-1"" http-e"
1,PHISHING,0,SAFE,0,nazario,"Subject: Question about your item -- respond now

<P>
<TABLE cellSpacing=0 cellPadding=0 width=""100%"">
<TBODY>
<TR>
<TD "
1,PHISHING,0,SAFE,0,nazario,"Subject: National City corporate customer cervice: secure details confirmation! (message id: Q459666257L)

<head>
<meta "
1,PHISHING,0,SAFE,0,nazario,"Subject: Account Notification! (mess_id: ZT67518468)

<head>
<meta      http-equiv=""Content-Type""   content=""text/html; "
1,PHISHING,0,SAFE,0,nazario,"Subject: Attention eBay Inc Client

<html>  <p>   <font       face=""Arial"">  <A   HREF=""https://signin.ebay.com/ws/eBayI"
0,SAFE,0,SAFE,1,enron,"Subject: hpl / enron nom . for 11 / 01 / 00

hpl / enron nom . for 11 / 01 / 00 ( see attached file : hplnl 101 . xls )
"
0,SAFE,0,SAFE,1,enron,"Subject: request submitted : access request for brian . redmond @ enron . com

request submitted : access request for br"
1,PHISHING,0,SAFE,0,nazario,"Subject: Question about Item -- Respond Now

<html>
<head>
<!--eBay V3- msxml 4.0 XXXXXXXXXXXXXXXXXXXXXXXXXX-->
<!--srcI"
1,PHISHING,0,SAFE,0,nazario,"Subject: >Question for item #250026510836 - Respond Now<

<html>
<head>
<!--eBay V3- msxml 4.0 XXXXXXXXXXXXXXXXXXXXXXXXX"
0,SAFE,1,PHISHING,0,enron,"Subject: answer the credit union survey and you could win cash !

answer the credit union survey and you could win cash "
0,SAFE,0,SAFE,1,enron,"Subject: electric systems for non - engineers

electric systems for non - engineers electric systems for non - engineers"
1,PHISHING,1,PHISHING,1,nazario,"Subject: Fifth Third Bank: Account Investigation Warning

<!DOCTYPE html PUBLIC ""-//W3C//DTD HTML 4.01 Transitional//EN"""
0,SAFE,0,SAFE,1,enron,"Subject: re : jeff skilling ' s presentation

re : jeff skilling ' s presentation i want to thank all of you for all you"
1,PHISHING,0,SAFE,0,nazario,"Subject: Question From eBay Member

<DIV id=RTEContent>
<TABLE cellSpacing=0 cellPadding=0 width=""100%"" border=0 xmlns:x"
0,SAFE,0,SAFE,1,enron,"Subject: panenergy 4 / 01

panenergy 4 / 01 daren :
did we exchange with panenergy in april ? if we did , can you send m"
0,SAFE,0,SAFE,1,enron,"Subject: re : message from grant

re : message from grant grant ,
i shall be in the office for a few hours today ( looks"
0,SAFE,0,SAFE,1,enron,"Subject: fw : can you check a deal for me

fw : can you check a deal for me bill -
mpc looked again and does not show th"
0,SAFE,0,SAFE,1,enron,"Subject: same day change - revision # 2 - txu fuel trans k # 501 - november

same day change - revision # 2 - txu fuel t"
